{
  "train_loss": [
    0.6822646856307983,
    0.5717605602370917,
    0.5792388734380169,
    0.5783275951405425,
    0.5786351293556877,
    0.549718509764361,
    0.5819934845609954,
    0.5920860159084113,
    0.5350796997370805,
    0.5332404613211068,
    0.5299297250482149,
    0.5308397483320345,
    0.5018390134988165,
    0.515573637528323,
    0.5116622373861255,
    0.4823462611275102,
    0.48828393566737655,
    0.4811260141776709,
    0.4538391348675097,
    0.48804794243859273,
    0.4365308664020319,
    0.39654391779457204,
    0.388682875605691,
    0.3752396874235338,
    0.34272579901284533,
    0.3341281797079184,
    0.2684136740591551,
    0.2608190890596059,
    0.20845441779366455,
    0.13579790488103777,
    0.11590857828876204,
    0.0637296081150509
  ],
  "train_acc": [
    64.20118343195266,
    72.11538461538461,
    72.92899408284023,
    72.85502958579882,
    76.18343195266272,
    75.96153846153847,
    75.96153846153847,
    75.3698224852071,
    79.73372781065089,
    80.10355029585799,
    80.84319526627219,
    82.0266272189349,
    82.91420118343196,
    83.35798816568047,
    82.84023668639053,
    84.61538461538461,
    84.61538461538461,
    85.87278106508876,
    87.79585798816568,
    87.35207100591715,
    87.79585798816568,
    89.94082840236686,
    90.38461538461539,
    90.38461538461539,
    92.38165680473372,
    92.60355029585799,
    94.15680473372781,
    94.67455621301775,
    95.41420118343196,
    96.89349112426035,
    97.55917159763314,
    98.8905325443787
  ],
  "val_loss": [
    0.6545334899262206,
    2.1158859026841563,
    0.8041082010285495,
    4.725911072334816,
    1.9858993904486502,
    0.5393134356501882,
    0.40500117343378395,
    0.9220880371046393,
    1.8361730466298567,
    1.0451662052320698,
    0.42940051265520185,
    0.43001293641043037,
    2.5570770655451196,
    0.6692819744284737,
    0.6085699502480765,
    0.6629826057038896,
    0.5638720142856011,
    0.543287662508553,
    0.9861116862348728,
    0.7510217507122633,
    0.6385235491803567,
    1.2066026995092478,
    1.2749489240215977,
    0.9382581871248301,
    0.9325931785931298,
    0.9402935290495843,
    1.1646119912629604,
    1.20973057570219,
    1.4037883959142619,
    1.4033240765667234,
    1.4099484423315356,
    1.6884949810378607
  ],
  "val_acc": [
    77.93103448275862,
    62.41379310344828,
    41.37931034482759,
    61.03448275862069,
    45.172413793103445,
    80.0,
    82.75862068965517,
    44.13793103448276,
    63.793103448275865,
    44.13793103448276,
    84.82758620689656,
    85.17241379310344,
    64.48275862068965,
    77.58620689655173,
    82.06896551724138,
    76.89655172413794,
    86.89655172413794,
    83.10344827586206,
    83.10344827586206,
    80.34482758620689,
    85.86206896551724,
    76.20689655172414,
    75.51724137931035,
    84.48275862068965,
    86.89655172413794,
    83.10344827586206,
    83.44827586206897,
    82.75862068965517,
    80.34482758620689,
    83.44827586206897,
    85.17241379310344,
    82.75862068965517
  ],
  "val_balanced_acc": [
    75.30434782608695,
    52.60869565217391,
    51.42857142857142,
    50.8695652173913,
    54.57142857142857,
    79.40372670807454,
    82.28571428571429,
    53.714285714285715,
    54.347826086956516,
    53.56521739130435,
    83.85093167701862,
    84.28571428571429,
    55.21739130434783,
    80.2360248447205,
    78.43478260869566,
    79.66459627329192,
    86.01242236024844,
    83.61490683229813,
    79.88819875776397,
    81.77639751552795,
    85.45341614906832,
    70.74534161490683,
    77.77639751552795,
    82.67080745341615,
    86.90683229813665,
    82.4223602484472,
    81.21739130434783,
    80.49689440993788,
    81.03105590062111,
    81.66459627329192,
    84.88198757763975,
    83.18012422360248
  ],
  "lr": [
    2.08e-05,
    4.06e-05,
    6.04e-05,
    8.02e-05,
    0.0001,
    9.987832431047822e-05,
    9.951389003364144e-05,
    9.89084726566536e-05,
    9.806502171211903e-05,
    9.698764640825613e-05,
    9.568159560924791e-05,
    9.41532322633034e-05,
    9.241000240301346e-05,
    9.046039886902861e-05,
    8.831391993379293e-05,
    8.598102302691561e-05,
    8.347307378762495e-05,
    8.080229069251661e-05,
    7.798168552836378e-05,
    7.502499999999998e-05,
    7.19466387821144e-05,
    6.876159934112479e-05,
    6.548539886902861e-05,
    6.213399868520339e-05,
    5.872372647446317e-05,
    5.527119674021928e-05,
    5.1793229860289924e-05,
    4.830677013971008e-05,
    4.482880325978071e-05,
    4.137627352553683e-05,
    3.796600131479659e-05,
    3.461460113097138e-05
  ]
}