subject_id,DX,label,prediction,P_AD,pred_DX
COGN0006,MCI,1,1,0.9998995065689087,AD
COGN0043,MCI,1,1,0.9807608127593994,AD
COGN0066,AD,1,1,0.996561586856842,AD
COGN0169,MCI,1,1,0.9998836517333984,AD
COGN0403,Unknown,-1,1,0.999681830406189,AD
COGN0405,MCI,1,1,0.9996852874755859,AD
COGN0425,AD,1,1,0.9998922348022461,AD
COGN0428,AD,1,1,0.9996258020401001,AD
COGN0464,AD,1,1,0.9998471736907959,AD
COGN0494,MCI,1,1,0.9999254941940308,AD
COGN0613,Unknown,-1,0,0.013769257813692093,CN
