{
  "accuracy": 0.8979591836734694,
  "balanced_accuracy": 0.8331695331695332,
  "confusion_matrix": [
    [
      106,
      4
    ],
    [
      11,
      26
    ]
  ],
  "classification_report": {
    "CN": {
      "precision": 0.905982905982906,
      "recall": 0.9636363636363636,
      "f1-score": 0.933920704845815,
      "support": 110.0
    },
    "AD": {
      "precision": 0.8666666666666667,
      "recall": 0.7027027027027027,
      "f1-score": 0.7761194029850746,
      "support": 37.0
    },
    "accuracy": 0.8979591836734694,
    "macro avg": {
      "precision": 0.8863247863247863,
      "recall": 0.8331695331695332,
      "f1-score": 0.8550200539154449,
      "support": 147.0
    },
    "weighted avg": {
      "precision": 0.8960869818012674,
      "recall": 0.8979591836734694,
      "f1-score": 0.8942020098196423,
      "support": 147.0
    }
  },
  "auc_roc": 0.9538083538083537
}