{
  "accuracy": 0.9090909090909091,
  "balanced_accuracy": 0.8816742081447964,
  "confusion_matrix": [
    [
      63,
      2
    ],
    [
      7,
      27
    ]
  ],
  "classification_report": {
    "CN": {
      "precision": 0.9,
      "recall": 0.9692307692307692,
      "f1-score": 0.9333333333333333,
      "support": 65.0
    },
    "AD": {
      "precision": 0.9310344827586207,
      "recall": 0.7941176470588235,
      "f1-score": 0.8571428571428571,
      "support": 34.0
    },
    "accuracy": 0.9090909090909091,
    "macro avg": {
      "precision": 0.9155172413793103,
      "recall": 0.8816742081447964,
      "f1-score": 0.8952380952380952,
      "support": 99.0
    },
    "weighted avg": {
      "precision": 0.9106583072100314,
      "recall": 0.9090909090909091,
      "f1-score": 0.9071669071669072,
      "support": 99.0
    }
  },
  "auc_roc": 0.971945701357466
}