{
  "accuracy": 0.784072249589491,
  "balanced_accuracy": 0.7477194232661342,
  "confusion_matrix": [
    [
      779,
      182
    ],
    [
      81,
      176
    ]
  ],
  "classification_report": {
    "CN": {
      "precision": 0.9058139534883721,
      "recall": 0.8106139438085328,
      "f1-score": 0.8555738605161999,
      "support": 961.0
    },
    "AD": {
      "precision": 0.49162011173184356,
      "recall": 0.6848249027237354,
      "f1-score": 0.5723577235772358,
      "support": 257.0
    },
    "accuracy": 0.784072249589491,
    "macro avg": {
      "precision": 0.6987170326101079,
      "recall": 0.7477194232661342,
      "f1-score": 0.7139657920467178,
      "support": 1218.0
    },
    "weighted avg": {
      "precision": 0.8184183727564938,
      "recall": 0.784072249589491,
      "f1-score": 0.7958147905709505,
      "support": 1218.0
    }
  },
  "auc_roc": 0.8278949051936011
}