{
  "accuracy": 0.8488805970149254,
  "balanced_accuracy": 0.7511878966353109,
  "confusion_matrix": [
    [
      805,
      94
    ],
    [
      68,
      105
    ]
  ],
  "classification_report": {
    "CN": {
      "precision": 0.9221076746849943,
      "recall": 0.8954393770856507,
      "f1-score": 0.9085778781038375,
      "support": 899.0
    },
    "AD": {
      "precision": 0.5276381909547738,
      "recall": 0.6069364161849711,
      "f1-score": 0.5645161290322581,
      "support": 173.0
    },
    "accuracy": 0.8488805970149254,
    "macro avg": {
      "precision": 0.7248729328198841,
      "recall": 0.7511878966353109,
      "f1-score": 0.7365470035680478,
      "support": 1072.0
    },
    "weighted avg": {
      "precision": 0.858447953896442,
      "recall": 0.8488805970149254,
      "f1-score": 0.8530529876286665,
      "support": 1072.0
    }
  },
  "auc_roc": 0.8445929002681206
}