{
  "accuracy": 0.7717391304347826,
  "balanced_accuracy": 0.6644736842105263,
  "confusion_matrix": [
    [
      126,
      26
    ],
    [
      16,
      16
    ]
  ],
  "classification_report": {
    "CN": {
      "precision": 0.8873239436619719,
      "recall": 0.8289473684210527,
      "f1-score": 0.8571428571428571,
      "support": 152.0
    },
    "AD": {
      "precision": 0.38095238095238093,
      "recall": 0.5,
      "f1-score": 0.43243243243243246,
      "support": 32.0
    },
    "accuracy": 0.7717391304347826,
    "macro avg": {
      "precision": 0.6341381623071765,
      "recall": 0.6644736842105263,
      "f1-score": 0.6447876447876448,
      "support": 184.0
    },
    "weighted avg": {
      "precision": 0.7992593240603039,
      "recall": 0.7717391304347826,
      "f1-score": 0.7832801745845224,
      "support": 184.0
    }
  },
  "auc_roc": 0.7763157894736843
}