{
  "accuracy": 0.5777777777777777,
  "balanced_accuracy": 0.5498105644447108,
  "confusion_matrix": [
    [
      82,
      28,
      0
    ],
    [
      59,
      58,
      6
    ],
    [
      3,
      18,
      16
    ]
  ],
  "classification_report": {
    "CN": {
      "precision": 0.5694444444444444,
      "recall": 0.7454545454545455,
      "f1-score": 0.6456692913385826,
      "support": 110.0
    },
    "MCI": {
      "precision": 0.5576923076923077,
      "recall": 0.4715447154471545,
      "f1-score": 0.5110132158590308,
      "support": 123.0
    },
    "AD": {
      "precision": 0.7272727272727273,
      "recall": 0.43243243243243246,
      "f1-score": 0.5423728813559322,
      "support": 37.0
    },
    "accuracy": 0.5777777777777777,
    "macro avg": {
      "precision": 0.6181364931364931,
      "recall": 0.5498105644447108,
      "f1-score": 0.5663517961845153,
      "support": 270.0
    },
    "weighted avg": {
      "precision": 0.5857190134967912,
      "recall": 0.5777777777777777,
      "f1-score": 0.5701705341039791,
      "support": 270.0
    }
  },
  "auc_roc": 0.7578817617881356
}