{"eval/loss":4.22977352142334,"train/num_tokens":1.180944e+06,"train/epoch":3,"train/entropy":4.097675794363022,"_wandb":{"runtime":4724},"eval/samples_per_second":1.307,"train_runtime":4712.2687,"_step":12,"train/mean_token_accuracy":0.04066626641433686,"eval/steps_per_second":1.307,"train/loss":4.2326,"_runtime":4724,"total_flos":2.7491522077152e+16,"_timestamp":1.7694413473461845e+09,"eval/num_tokens":1.251e+06,"train/global_step":96,"train/learning_rate":3.2516302942574794e-07,"eval/runtime":382.6551,"train_steps_per_second":0.02,"eval/mean_token_accuracy":0.04058823516964912,"train_samples_per_second":0.318,"eval/entropy":4.096835290908813,"train/grad_norm":1.5234375,"train_loss":8.55263638496399}