{"fold3/val_bal_acc":87.05606080722252,"_timestamp":1.7684698263932767e+09,"fold3/lr":4.335429806304712e-06,"fold4/lr":7.927668674099722e-06,"fold1/val_bal_acc":78.34904407859798,"fold5/val_bal_acc":85.55468888298815,"fold5/val_acc":91.27061105722599,"fold4/train_acc":96.89621726479146,"final/cnad_bal_acc":89.21783537200758,"_wandb":{"runtime":64386},"fold2/lr":1.0543358358998565e-05,"final/traj_auc":0.9476215809783225,"fold1/train_acc":91.51309408341416,"fold5/lr":1e-07,"epoch":99,"fold2/val_bal_acc":86.86852761550716,"final/cnad_auc":0.9660782770174802,"fold3/val_acc":90.59165858389913,"fold3/train_acc":99.19980601357905,"_runtime":64386,"fold4/val_bal_acc":84.83498185519561,"fold1/lr":1.0543358358998565e-05,"final/cnad_acc":94.08878504672899,"_step":332,"fold4/val_acc":91.65858389912707,"fold2/val_acc":92.82250242483026,"fold2/train_acc":97.91464597478176,"final/traj_acc":92.10989010989012,"fold5/train_acc":96.65373423860329,"final/traj_bal_acc":86.46266031097491,"fold1/val_acc":89.33074684772066}