{
  "accuracy": 0.8549222797927462,
  "balanced_accuracy": 0.8475903614457831,
  "auc_roc": 0.9216867469879517,
  "confusion_matrix": [
    [
      99,
      11
    ],
    [
      17,
      66
    ]
  ],
  "classification_report": {
    "CN": {
      "precision": 0.853448275862069,
      "recall": 0.9,
      "f1-score": 0.8761061946902655,
      "support": 110.0
    },
    "AD": {
      "precision": 0.8571428571428571,
      "recall": 0.7951807228915663,
      "f1-score": 0.825,
      "support": 83.0
    },
    "accuracy": 0.8549222797927462,
    "macro avg": {
      "precision": 0.8552955665024631,
      "recall": 0.8475903614457831,
      "f1-score": 0.8505530973451327,
      "support": 193.0
    },
    "weighted avg": {
      "precision": 0.8550371372418898,
      "recall": 0.8549222797927462,
      "f1-score": 0.8541278829840891,
      "support": 193.0
    }
  }
}