{
  "accuracy": 0.7840978593272171,
  "balanced_accuracy": 0.5908533801545018,
  "confusion_matrix": [
    [
      1090,
      31,
      38
    ],
    [
      85,
      91,
      14
    ],
    [
      161,
      24,
      101
    ]
  ],
  "classification_report": {
    "CN": {
      "precision": 0.8158682634730539,
      "recall": 0.9404659188955996,
      "f1-score": 0.87374749498998,
      "support": 1159.0
    },
    "MCI": {
      "precision": 0.6232876712328768,
      "recall": 0.4789473684210526,
      "f1-score": 0.5416666666666666,
      "support": 190.0
    },
    "AD": {
      "precision": 0.6601307189542484,
      "recall": 0.3531468531468531,
      "f1-score": 0.4601366742596811,
      "support": 286.0
    },
    "accuracy": 0.7840978593272171,
    "macro avg": {
      "precision": 0.6997622178867263,
      "recall": 0.5908533801545018,
      "f1-score": 0.6251836119721091,
      "support": 1635.0
    },
    "weighted avg": {
      "precision": 0.7662467036822209,
      "recall": 0.7840978593272171,
      "f1-score": 0.7628067903353652,
      "support": 1635.0
    }
  },
  "auc_roc": 0.8416514604146976
}