{
  "accuracy": 0.8206599713055954,
  "balanced_accuracy": 0.5786140500162319,
  "confusion_matrix": [
    [
      1006,
      0,
      35
    ],
    [
      35,
      24,
      5
    ],
    [
      175,
      0,
      114
    ]
  ],
  "classification_report": {
    "CN": {
      "precision": 0.8273026315789473,
      "recall": 0.9663784822286263,
      "f1-score": 0.8914488258750554,
      "support": 1041.0
    },
    "MCI": {
      "precision": 1.0,
      "recall": 0.375,
      "f1-score": 0.5454545454545454,
      "support": 64.0
    },
    "AD": {
      "precision": 0.7402597402597403,
      "recall": 0.3944636678200692,
      "f1-score": 0.5146726862302483,
      "support": 289.0
    },
    "accuracy": 0.8206599713055954,
    "macro avg": {
      "precision": 0.8558541239462292,
      "recall": 0.5786140500162319,
      "f1-score": 0.6505253525199497,
      "support": 1394.0
    },
    "weighted avg": {
      "precision": 0.8171858711683996,
      "recall": 0.8206599713055954,
      "f1-score": 0.7974517395735764,
      "support": 1394.0
    }
  },
  "auc_roc": 0.8851220089194959
}