{
  "accuracy": 0.894085936261297,
  "balanced_accuracy": 0.891698869434808,
  "confusion_matrix": [
    [
      3295,
      336
    ],
    [
      332,
      2344
    ]
  ],
  "classification_report": {
    "CN": {
      "precision": 0.9084642955610698,
      "recall": 0.907463508675296,
      "f1-score": 0.9079636263433453,
      "support": 3631.0
    },
    "AD": {
      "precision": 0.8746268656716418,
      "recall": 0.8759342301943199,
      "f1-score": 0.8752800597460791,
      "support": 2676.0
    },
    "accuracy": 0.894085936261297,
    "macro avg": {
      "precision": 0.8915455806163558,
      "recall": 0.891698869434808,
      "f1-score": 0.8916218430447123,
      "support": 6307.0
    },
    "weighted avg": {
      "precision": 0.8941073964990578,
      "recall": 0.894085936261297,
      "f1-score": 0.8940963004809251,
      "support": 6307.0
    }
  },
  "auc_roc": 0.958387107530693
}