{
  "accuracy": 0.8856430845908903,
  "balanced_accuracy": 0.8799142325339308,
  "confusion_matrix": [
    [
      4010,
      420
    ],
    [
      406,
      2387
    ]
  ],
  "classification_report": {
    "CN": {
      "precision": 0.9080615942028986,
      "recall": 0.9051918735891648,
      "f1-score": 0.9066244630341397,
      "support": 4430.0
    },
    "AD": {
      "precision": 0.8503740648379052,
      "recall": 0.8546365914786967,
      "f1-score": 0.8525,
      "support": 2793.0
    },
    "accuracy": 0.8856430845908903,
    "macro avg": {
      "precision": 0.8792178295204018,
      "recall": 0.8799142325339308,
      "f1-score": 0.8795622315170699,
      "support": 7223.0
    },
    "weighted avg": {
      "precision": 0.8857548976064114,
      "recall": 0.8856430845908903,
      "f1-score": 0.8856955380369983,
      "support": 7223.0
    }
  },
  "auc_roc": 0.9473517718837564
}