{
  "accuracy": 0.9213483146067416,
  "balanced_accuracy": 0.9037830433665948,
  "confusion_matrix": [
    [
      476,
      27
    ],
    [
      29,
      180
    ]
  ],
  "classification_report": {
    "CN": {
      "precision": 0.9425742574257425,
      "recall": 0.9463220675944334,
      "f1-score": 0.9444444444444444,
      "support": 503.0
    },
    "AD": {
      "precision": 0.8695652173913043,
      "recall": 0.861244019138756,
      "f1-score": 0.8653846153846154,
      "support": 209.0
    },
    "accuracy": 0.9213483146067416,
    "macro avg": {
      "precision": 0.9060697374085234,
      "recall": 0.9037830433665948,
      "f1-score": 0.9049145299145299,
      "support": 712.0
    },
    "weighted avg": {
      "precision": 0.9211432330336111,
      "recall": 0.9213483146067416,
      "f1-score": 0.9212372755209834,
      "support": 712.0
    }
  },
  "auc_roc": 0.9649947206711882
}