{
  "train_loss": [
    0.05533615536387601,
    0.016364342151437936,
    0.013884244857550819,
    0.012962021563872765,
    0.011902549730229361,
    0.011240807909634347,
    0.01077226119407371,
    0.010052843647965113,
    0.009576867413105799,
    0.009256228091338742,
    0.009173154033416344,
    0.009186044068630472,
    0.008859988862892628,
    0.008577384606454061,
    0.008714950082250445,
    0.008051170021548787,
    0.008456332281262163,
    0.008260543652427007,
    0.00830859160295979,
    0.00801622764944537,
    0.008398058919809253,
    0.008348322375402123,
    0.007873999361769742,
    0.008186924582156137,
    0.007934391902508187,
    0.007462922377224606,
    0.008129041696564865,
    0.007375844513369714,
    0.008010474209401371,
    0.007987078427436739,
    0.007300959450763744,
    0.0080900883705075,
    0.007885278703585182,
    0.007983799675528851,
    0.007578598437975639,
    0.007623387039097027,
    0.0074353436754262,
    0.007199317013084637,
    0.008103710438884552,
    0.0074956702099184015,
    0.007073652853601275,
    0.007894399092288232,
    0.007322225079447199,
    0.007813631698908767,
    0.008232340620826046,
    0.007443569496565417,
    0.007189474764536662,
    0.00760626905603109,
    0.00636860380548515,
    0.007881885023483028,
    0.007533884564689221,
    0.0068198167162346465,
    0.006923386542906579,
    0.006877907470092246,
    0.0074030444269254465,
    0.007267050138430078,
    0.007089981440077332,
    0.006394526390283783,
    0.0065406512187982544,
    0.0062210501073920255,
    0.007290821267951211,
    0.007801713700885658,
    0.006859824653108762,
    0.006947817619378312,
    0.006325462887434867,
    0.006015869885665696,
    0.006446779844525009,
    0.00644093713991106,
    0.006424508476131132,
    0.006838801182925486,
    0.0063418659191776345,
    0.006977621535096146,
    0.006423576476304415,
    0.007516362086271131,
    0.006176999622107553,
    0.006293311285839395,
    0.005676942175602985,
    0.00603123132583264,
    0.006873877498026329,
    0.006340903417783973,
    0.005827074843441221,
    0.006541786078299689,
    0.006997039820751004,
    0.006052253925724637,
    0.006808395644041837,
    0.005776575107137296,
    0.005084576008126528,
    0.0064850700155233655,
    0.005833002903882627,
    0.006584763364899581,
    0.005255667059130064,
    0.005882673266587328,
    0.006317988670383026
  ],
  "train_acc": [
    54.64184731385485,
    21.842601319509896,
    21.724787935909518,
    21.724787935909518,
    21.724787935909518,
    21.724787935909518,
    21.913289349670123,
    22.07822808671065,
    22.69085768143261,
    23.6569274269557,
    28.48727615457116,
    24.316682375117814,
    25.754005655042413,
    32.35155513666353,
    28.934967012252592,
    36.80490103675778,
    41.11687087653157,
    41.54099905749293,
    42.22431668237512,
    39.773798303487276,
    47.95004712535344,
    46.53628652214891,
    47.97360980207352,
    48.20923656927427,
    47.90292177191329,
    53.251649387370406,
    57.94062205466541,
    55.37229029217719,
    58.7181903864279,
    56.92742695570217,
    59.14231856738925,
    63.47785108388313,
    63.737040527803956,
    63.76060320452403,
    65.1272384542884,
    66.11687087653158,
    62.794533459000945,
    64.53817153628653,
    65.38642789820923,
    65.40999057492931,
    69.6277097078228,
    68.16682375117813,
    68.52026390197926,
    73.68049010367578,
    70.45240339302545,
    73.86899151743638,
    72.47879359095194,
    72.95004712535344,
    75.0942507068803,
    76.3430725730443,
    75.44769085768144,
    74.45805843543826,
    75.0,
    75.98963242224316,
    77.70970782280867,
    76.79076343072573,
    77.9688972667295,
    77.7803958529689,
    79.71253534401508,
    78.91140433553251,
    80.44297832233742,
    78.53440150801131,
    77.12064090480679,
    79.71253534401508,
    80.91423185673892,
    81.10273327049953,
    83.71819038642789,
    81.83317624882187,
    82.63430725730443,
    82.70499528746466,
    82.06880301602261,
    83.74175306314797,
    83.67106503298774,
    82.70499528746466,
    84.0951932139491,
    82.3751178133836,
    83.67106503298774,
    83.55325164938738,
    83.2469368520264,
    83.71819038642789,
    83.67106503298774,
    83.83600377002827,
    83.93025447690857,
    83.8124410933082,
    84.56644674835061,
    84.0009425070688,
    85.32045240339302,
    85.20263901979264,
    84.42507068803016,
    84.30725730442978,
    84.35438265786993,
    84.82563619227145,
    85.95664467483506
  ],
  "val_loss": [
    0.03691606902264124,
    0.013249523402600173,
    0.012521345221453853,
    0.011041693691687103,
    0.00949461671131614,
    0.010789637614180449,
    0.008142316804814823,
    0.008635805392833916,
    0.007848345091987173,
    0.00748588486059912,
    0.008463748105242032,
    0.006774711098905914,
    0.0070593717994103045,
    0.007291367973697274,
    0.007005173348149759,
    0.006421782615800845,
    0.008696542393871616,
    0.007716355657816676,
    0.008590733224225818,
    0.007954781947773881,
    0.007079240064884193,
    0.010067486599533973,
    0.01237861044833073,
    0.007590249157306461,
    0.008232520251527731,
    0.01508995693221917,
    0.007384794421867761,
    0.012654536932818143,
    0.010453896024333326,
    0.009807642715985136,
    0.018028156233987448,
    0.008290498850264907,
    0.012436905187777276,
    0.015408551063094484,
    0.009078439196105535,
    0.011062561779493862,
    0.015333999004788143,
    0.007940457503520935,
    0.010399012974854134,
    0.010423658535249783,
    0.011434312925526331,
    0.01031844671829356,
    0.02076687410856705,
    0.0157089986455902,
    0.016513542025509913,
    0.015684044092235956,
    0.013003334795125977,
    0.014331493504996934,
    0.017682707066988337,
    0.01704723768293342,
    0.012363739568236429,
    0.013454518966506856,
    0.012682243297189288,
    0.009840911037922763,
    0.015382676254343926,
    0.011917463625873655,
    0.013139874762441252,
    0.008955786067912285,
    0.01711679959273744,
    0.01939894623704101,
    0.013896273492112718,
    0.016395678333601768,
    0.015306355603953355,
    0.012820235510038433,
    0.015349752310129859,
    0.01693244359962751,
    0.014900431582578165,
    0.02424300845126581,
    0.018038860002889123,
    0.017700800139237527,
    0.02144808207806523,
    0.018574106262987475,
    0.021068664274371696,
    0.022970633657311276,
    0.018588206152535827,
    0.017627197890617122,
    0.016375522975450668,
    0.020152881044212558,
    0.020544946193256277,
    0.016042757727231412,
    0.022975706526419042,
    0.024189872585532356,
    0.01715114977524903,
    0.020682802416183876,
    0.018795887783829113,
    0.017797600827494982,
    0.02553124321310494,
    0.0198545720236684,
    0.025249929472443797,
    0.021280273829010536,
    0.02222668654457138,
    0.02379072212341215,
    0.02432482113101542
  ],