{"eval/runtime":1.5479,"_timestamp":1.7694316881718369e+09,"eval/loss":20.47075080871582,"_step":3,"eval/steps_per_second":1.292,"train_samples_per_second":0.244,"eval/num_tokens":5004,"train_loss":21.06519953409831,"train_steps_per_second":0.122,"train/global_step":3,"eval/samples_per_second":1.292,"train/epoch":3,"_wandb":{"runtime":36},"eval/entropy":1.4969127178192139,"train_runtime":24.6183,"_runtime":36,"eval/mean_token_accuracy":0.03121248446404934,"total_flos":1.09966088308608e+14}