{
  "train_loss": [
    0.08515814036762027,
    0.03645650537695093,
    0.03249010347131847,
    0.029937042742370717,
    0.027234740960381004,
    0.02613788399262517,
    0.025190602476040602,
    0.023897583523772227,
    0.023009179497504577,
    0.02273641094448208,
    0.02378180451597009,
    0.023509925768537752,
    0.02314205192473632,
    0.02310892674884549,
    0.022790793218657825,
    0.021793136400537975,
    0.023352898580900373,
    0.022774548155203387,
    0.022842781363078372,
    0.02140932114010117,
    0.022198038389825092,
    0.022139086806587084,
    0.020344575677840804,
    0.021377532579541086,
    0.020395693082560354,
    0.019683430409348595,
    0.0210490658416307,
    0.0200604130392723,
    0.020710368832378208,
    0.021243772651709646,
    0.019223382005505975,
    0.021595026239217104,
    0.020943302816300347,
    0.021020592017718425,
    0.020832564446743328,
    0.01997658581573384,
    0.019699316894574992,
    0.020323050265417905,
    0.020904199593446682,
    0.020306754837428265,
    0.020078848769838797,
    0.021515336135841705,
    0.020545880110152,
    0.020777104691386192,
    0.0209716048985091,
    0.020185879676181007,
    0.020535698359181294,
    0.02011644390414171,
    0.018925705706204,
    0.020224516698177847,
    0.020570936048855286,
    0.020095364170654897,
    0.019605282016621216,
    0.019297199474476914,
    0.020470885666278516,
    0.020415847897028445,
    0.020633101071917983,
    0.019614551092501185,
    0.01885174421293004,
    0.018487118463463348,
    0.020586492218126338,
    0.021103015776141987,
    0.019079881457748082,
    0.018877683557749596,
    0.01868042890905569,
    0.018175101356934325,
    0.019150523270441616,
    0.020022787267705143,
    0.017445848555139924,
    0.02014623424857162,
    0.017568051860461405,
    0.020055541614776035,
    0.01854280816265509
  ],
  "train_acc": [
    55.37229029217719,
    21.842601319509896,
    21.724787935909518,
    21.724787935909518,
    22.620169651272384,
    26.767200754005653,
    37.44109330819981,
    44.67483506126296,
    51.4373232799246,
    54.64184731385485,
    65.0329877474081,
    60.50895381715363,
    63.99622997172479,
    69.2507068803016,
    65.8105560791706,
    73.30348727615457,
    72.92648444863336,
    70.21677662582469,
    71.86616399622997,
    71.67766258246937,
    74.71724787935909,
    73.02073515551366,
    73.04429783223374,
    72.99717247879359,
    73.44486333647502,
    75.75400565504242,
    77.99245994344957,
    74.88218661639962,
    76.88501413760603,
    75.87181903864278,
    77.8746465598492,
    80.67860508953817,
    80.96135721017907,
    80.96135721017907,
    80.65504241281809,
    82.39868049010367,
    81.8096135721018,
    81.29123468426013,
    81.8096135721018,
    83.05843543826579,
    84.23656927426956,
    84.2836946277097,
    83.60037700282751,
    85.1555136663525,
    84.35438265786993,
    86.3100848256362,
    86.14514608859567,
    86.66352497643733,
    85.93308199811499,
    87.41753063147974,
    87.79453345900095,
    88.05372290292178,
    86.71065032987748,
    87.46465598491989,
    87.53534401508011,
    88.43072573044297,
    88.64278982092365,
    88.36003770028275,
    89.2789820923657,
    89.11404335532517,
    89.25541941564562,
    88.36003770028275,
    87.8416588124411,
    89.20829406220547,
    89.98586239396795,
    89.60885956644675,
    90.33930254476908,
    90.10367577756833,
    90.31573986804901,
    89.79736098020736,
    90.24505183788878,
    90.92836946277097,
    90.9990574929312
  ],
  "val_loss": [
    0.06381192912037174,
    0.03162300735385271,
    0.02903851060392825,
    0.02629558814754873,
    0.021646076453882352,
    0.02045645118127332,
    0.017991616215001335,
    0.020750315566833148,
    0.020078041447784033,
    0.02305157571518385,
    0.02553173607846379,
    0.021692315007768276,
    0.023084231826942414,
    0.0156676254174958,
    0.01993369155235613,
    0.01849382235173324,
    0.03241938201781044,
    0.023991301144409942,
    0.032117588019964546,
    0.021965408740103606,
    0.024305565040936415,
    0.025995860395803965,
    0.0360416848600021,
    0.02194848145754485,
    0.022295845681168304,
    0.035862398719600924,
    0.018825101913790332,
    0.03402291189444153,
    0.030942706738929508,
    0.025628491140148407,
    0.04461436517107231,
    0.024649427381071995,
    0.03477204490417008,
    0.048077815296174345,
    0.029371864551074777,
    0.0341188326130035,
    0.047407433256841866,
    0.02539219844127952,
    0.025671116537858706,
    0.031318594037050694,
    0.031189296196891137,
    0.03114163532936481,
    0.05492125247394398,
    0.05432547584237718,
    0.04314581478521225,
    0.04318959121644041,
    0.031959136045706896,
    0.044725940709149495,
    0.04360896620977528,
    0.04737212537021039,
    0.0357674161836449,
    0.032653663705563656,
    0.03245599098568563,
    0.029638082572937333,
    0.047227600341262076,
    0.03545734321596683,
    0.036668287662139754,
    0.021704625221772994,
    0.039596061920164766,
    0.03932611560685473,
    0.035209245128307406,
    0.03938813246464921,
    0.03391497489680038,
    0.032594833708843224,
    0.04452990366021687,
    0.03605744181051083,
    0.039795585264264924,
    0.05526218329397811,
    0.03880067541100735,
    0.03815169748675049,
    0.04248569026587271,
    0.04095037349816266,
    0.048513086401168005
  ],
  "val_acc": [
    21.75824175824176,
    21.75824175824176,
    21.75824175824176,
    21.75824175824176,
    22.197802197802197,
    32.30769230769231,
    43.956043956043956,
    62.30769230769231,
    69.12087912087912,
    82.52747252747253,
    83.2967032967033,
    82.96703296703296,
    82.52747252747253,
    67.36263736263736,
    83.2967032967033,
    80.10989010989012,
    89.34065934065934,
    86.5934065934066,
    89.89010989010988,
    84.06593406593407,
    89.01098901098901,
    88.9010989010989,
    91.31868131868131,
    85.38461538461539,
    86.37362637362638,
    91.0989010989011,
    81.75824175824175,
    89.23076923076923,
    91.0989010989011,
    89.12087912087912,
    91.53846153846153,
    87.14285714285714,
    90.21978021978022,
    91.86813186813187,
    88.35164835164835,
    90.10989010989012,
    91.31868131868131,
    88.13186813186813,
    88.35164835164835,
    89.89010989010988,
    89.78021978021978,
    90.54945054945055,
    91.42857142857143,
    91.53846153846153,
    90.87912087912088,
    91.42857142857143,
    90.65934065934066,
    92.1978021978022,
    91.42857142857143,
    90.98901098901099,
    89.78021978021978,
    90.32967032967034,
    88.79120879120879,
    88.46153846153847,
    90.76923076923077,
    90.43956043956044,
    90.43956043956044,
    85.49450549450549,
    90.0,
    89.34065934065934,
    89.89010989010988,
    89.56043956043956,
    89.89010989010988,
    88.13186813186813,
    90.0,
    89.23076923076923,
    90.0,
    90.65934065934066,
    88.79120879120879,
    89.78021978021978,
    89.89010989010988,
    89.34065934065934,
    89.89010989010988
  ],