{"test/seed_42_fold_4_traj_balanced_accuracy":90.65144330555289,"test/seed_42_fold_4_traj_specificity":93.04531085353003,"test/seed_42_fold_2_cn_ad_sensitivity":74.37185929648241,"fold_1/val_sensitivity":78.21782178217822,"test/seed_42_fold_3_cn_ad_sensitivity":75.78947368421052,"test/seed_123_fold_4_cn_ad_accuracy":93.54553492484527,"test/seed_42_fold_2_cn_ad_specificity":96.52265542676501,"test/seed_123_fold_1_cn_ad_sensitivity":81.4070351758794,"test/seed_456_fold_1_cn_ad_auc":0.9552576754385965,"final/traj_specificity_mean":96.2079381805409,"test/seed_123_fold_3_traj_sensitivity":76.89393939393939,"test/seed_456_fold_2_cn_ad_accuracy":93.48591549295774,"test/seed_42_fold_4_cn_ad_balanced_accuracy":90.50171301838805,"fold_4/val_balanced_accuracy":82.35801768572375,"test/seed_123_fold_2_cn_ad_balanced_accuracy":89.16347477991313,"test/seed_123_fold_0_cn_ad_accuracy":95.0920245398773,"test/seed_42_fold_4_traj_sensitivity":88.25757575757575,"test/seed_42_fold_3_traj_balanced_accuracy":85.62462081297697,"test/seed_456_fold_4_cn_ad_sensitivity":64.79591836734694,"test/seed_42_fold_4_cn_ad_auc":0.9669257802371192,"test/seed_42_fold_4_traj_auc":0.9638335408883354,"test/seed_42_fold_2_traj_accuracy":91.34377576257214,"test/seed_123_fold_3_cn_ad_auc":0.9493459356473054,"test/seed_456_fold_3_traj_balanced_accuracy":90.19003257016955,"fold_0/val_balanced_accuracy":86.30391001080656,"test/seed_42_fold_0_traj_specificity":96.63157894736842,"test/seed_42_fold_3_cn_ad_accuracy":93.15188762071993,"fold_0/val_loss":0.9457474241384761,"final/traj_sensitivity_mean":78.80890655605485,"test/seed_42_fold_2_traj_specificity":96.52265542676501,"fold_0/val_auc":0.9460408684546615,"test/seed_123_fold_0_traj_specificity":96.94736842105263,"test/seed_456_fold_2_cn_ad_sensitivity":79.67914438502673,"fold_4/epoch":48,"test/seed_456_fold_2_cn_ad_specificity":96.20653319283456,"fold_4/val_loss":0.6661566404270802,"fold_2/val_loss":0.6451632578584402,"test/seed_42_fold_0_traj_sensitivity":79.08745247148289,"_step":825,"test/seed_42_fold_1_traj_specificity":97.36842105263158,"final/cn_ad_balanced_accuracy_std":2.662079497850789,"test/seed_456_fold_1_traj_accuracy":92.25061830173125,"test/seed_123_fold_2_cn_ad_sensitivity":83.06878306878306,"test/seed_123_fold_2_cn_ad_specificity":95.2581664910432,"fold_3/train_accuracy":95.94408799266728,"test/seed_123_fold_4_cn_ad_sensitivity":73.07692307692308,"test/seed_456_fold_1_traj_auc":0.9583029817890736,"final/cn_ad_accuracy_std":0.8999583572839354,"test/seed_42_fold_0_traj_balanced_accuracy":87.85951570942565,"fold_4/train_loss":0.4898196217319025,"test/seed_456_fold_3_traj_sensitivity":85.22727272727273,"final/cn_ad_sensitivity_std":5.87537400301594,"test/seed_123_fold_3_traj_auc":0.9524060414471374,"test/seed_42_fold_0_cn_ad_specificity":96.63157894736842,"test/seed_456_fold_1_cn_ad_balanced_accuracy":87.63870614035088,"test/seed_456_fold_4_cn_ad_specificity":96.62802950474183,"test/seed_42_fold_1_traj_balanced_accuracy":88.60816489893936,"test/seed_123_fold_4_cn_ad_auc":0.9528248358596093,"test/seed_123_fold_1_cn_ad_specificity":96.3157894736842,"final/cn_ad_sensitivity_mean":78.98337491359416,"test/seed_42_fold_0_cn_ad_sensitivity":80.55555555555556,"fold_3/epoch":41,"test/seed_42_fold_4_cn_ad_specificity":93.04531085353003,"test/seed_123_fold_1_cn_ad_auc":0.9628881248346998,"test/seed_42_fold_1_cn_ad_specificity":97.36842105263158,"final/traj_auc_std":0.010768064661212046,"fold_0/val_accuracy":91.54639175257732,"test/seed_123_fold_0_traj_balanced_accuracy":90.4888933360016,"fold_3/val_loss":0.6258707652992359,"test/seed_42_fold_3_traj_specificity":96.62802950474183,"final/cn_ad_accuracy_mean":93.31819015782544,"test/seed_42_fold_3_cn_ad_specificity":96.62802950474183,"test/seed_456_fold_0_cn_ad_accuracy":92.86335944299391,"test/seed_456_fold_3_cn_ad_sensitivity":86.48648648648648,"test/seed_123_fold_0_traj_auc":0.967000200120072,"test/seed_456_fold_2_traj_sensitivity":79.16666666666667,"fold_1/val_balanced_accuracy":87.67661922442245,"test/seed_123_fold_4_cn_ad_specificity":97.47102212855637,"test/seed_123_fold_1_cn_ad_balanced_accuracy":88.8614123247818,"test/seed_456_fold_2_traj_balanced_accuracy":87.68659992975061,"test/seed_123_fold_3_traj_accuracy":92.08573784006595,"fold_2/train_accuracy":98.41888175985335,"fold_2/val_accuracy":93.6082474226804,"test/seed_42_fold_2_cn_ad_balanced_accuracy":85.44725736162371,"test/seed_456_fold_3_cn_ad_auc":0.9724831259077835,"fold_0/train_loss":0.10705290234369305,"test/seed_42_fold_1_cn_ad_balanced_accuracy":87.88019042581328,"test/seed_456_fold_0_cn_ad_specificity":96.10526315789474,"test/seed_123_fold_4_traj_accuracy":92.41549876339654,"test/seed_456_fold_4_cn_ad_accuracy":91.17903930131004,"fold_4/val_specificity":95.4177897574124,"test/seed_456_fold_1_traj_specificity":96.63157894736842,"fold_0/epoch":62,"test/seed_123_fold_2_traj_accuracy":92.1681780708986,"fold_4/lr":1.1525223294732828e-05,"test/seed_456_fold_4_traj_auc":0.9331473321199348,"test/seed_123_fold_2_cn_ad_accuracy":93.23374340949033,"test/seed_456_fold_0_cn_ad_sensitivity":77.38693467336684,"test/seed_456_fold_0_traj_specificity":96.10526315789474,"final/traj_accuracy_std":0.9788573792663093,"_timestamp":1.7687673820010514e+09,"test/seed_456_fold_2_cn_ad_balanced_accuracy":87.94283878893066,"final/cn_ad_specificity_std":1.081680309790314,"test/seed_42_fold_0_cn_ad_auc":0.9619883040935673,"fold_1/val_accuracy":93.19587628865979,"fold_3/train_loss":0.26489139667448464,"final/traj_specificity_std":1.0781256326195199,"test/seed_456_fold_4_traj_specificity":96.52265542676501,"fold_2/val_sensitivity":80.20833333333333,"test/seed_123_fold_2_traj_sensitivity":81.06060606060606,"final/traj_accuracy_mean":92.4264907941742,"fold_2/val_specificity":96.91516709511568,"test/seed_123_fold_0_cn_ad_auc":0.965511160099201,"test/seed_42_fold_1_cn_ad_accuracy":94.08181026979983,"test/seed_123_fold_1_traj_balanced_accuracy":89.22253352011207,"fold_2/val_auc":0.9567132604970008,"test/seed_456_fold_0_traj_auc":0.9711747048228937,"test/seed_42_fold_1_cn_ad_auc":0.9661623909018777,"test/seed_456_fold_0_cn_ad_balanced_accuracy":86.74609891563078,"test/seed_123_fold_0_traj_sensitivity":84.03041825095058,"final/cn_ad_auc_mean":0.9561893263534343,"test/seed_123_fold_1_traj_sensitivity":82.12927756653993,"test/seed_456_fold_2_cn_ad_auc":0.9413793297757842,"test/seed_42_fold_0_cn_ad_balanced_accuracy":88.59356725146199,"test/seed_42_fold_2_traj_balanced_accuracy":84.62496407701887,"test/seed_456_fold_4_cn_ad_balanced_accuracy":80.71197393604439,"_runtime":191076.086939502,"test/seed_42_fold_2_cn_ad_auc":0.9409216789956103,"test/seed_456_fold_0_traj_accuracy":92.99258037922506,"test/seed_123_fold_3_traj_balanced_accuracy":86.60292333237538,"test/seed_42_fold_4_traj_accuracy":92.0032976092333,"test/seed_123_fold_1_cn_ad_accuracy":93.73368146214099,"test/seed_456_fold_3_traj_auc":0.9733211993485966,"test/seed_42_fold_2_traj_auc":0.9466024842737172,"test/seed_123_fold_4_traj_balanced_accuracy":85.85672318549031,"final/cn_ad_balanced_accuracy_mean":87.60268148559933,"test/seed_42_fold_3_cn_ad_balanced_accuracy":86.20875159447618,"fold_1/epoch":53,"test/seed_123_fold_3_cn_ad_accuracy":93.11246730601569,"fold_1/lr":9.885487249574734e-06,"test/seed_42_fold_0_traj_accuracy":92.82769991755977,"test/seed_123_fold_1_traj_accuracy":93.239901071723,"fold_1/val_auc":0.9543368399339933,"final/traj_sensitivity_std":5.45053965170397,"test/seed_456_fold_4_traj_sensitivity":66.66666666666667,"fold_1/train_loss":0.15159134466890792,"fold_0/train_accuracy":98.71677360219982,"test/seed_123_fold_0_cn_ad_balanced_accuracy":91.40562138330118,"test/seed_123_fold_3_cn_ad_balanced_accuracy":86.84500431075773,"test/seed_123_fold_4_traj_auc":0.9613388894210813,"test/seed_123_fold_3_cn_ad_specificity":96.4172813487882,"fold_3/lr":1.3743412626736296e-05,"final/traj_balanced_accuracy_std":2.4500069872539476,"test/seed_456_fold_1_cn_ad_sensitivity":78.64583333333333,