{
  "n_folds": 5,
  "seeds": [
    42,
    123,
    456,
    789,
    2024
  ],
  "overall_accuracy_mean": 91.58450123660346,
  "overall_accuracy_std": 0.9253648144648203,
  "balanced_accuracy_mean": 85.75966999690827,
  "balanced_accuracy_std": 2.5733109506438328,
  "subgroup_summary": {
    "AD": {
      "accuracy_mean": 94.33986847312708,
      "accuracy_std": 3.544507515136822,
      "avg_samples_per_fold": 44.0
    },
    "AD_trajectory": {
      "accuracy_mean": 68.9480604384491,
      "accuracy_std": 8.16108070141373,
      "avg_samples_per_fold": 167.8
    },
    "CN": {
      "accuracy_mean": 96.06058898563585,
      "accuracy_std": 1.457647830742423,
      "avg_samples_per_fold": 949.4
    },
    "MCI_to_AD": {
      "accuracy_mean": 80.82281628989506,
      "accuracy_std": 5.993180101512145,
      "avg_samples_per_fold": 51.8
    }
  },
  "per_fold_results": [
    {
      "seed": 42,
      "fold": 0,
      "val_accuracy": 88.45360824742268,
      "test_accuracy": 89.8598516075845,
      "test_balanced_accuracy": 79.64058435061037,
      "subgroup_accuracy": {
        "CN": {
          "accuracy": 97.68421052631578,
          "n_samples": 950
        },
        "AD_trajectory": {
          "accuracy": 45.625,
          "n_samples": 160
        },
        "MCI_to_AD": {
          "accuracy": 77.04918032786885,
          "n_samples": 61
        },
        "AD": {
          "accuracy": 100.0,
          "n_samples": 42
        }
      }
    },
    {
      "seed": 42,
      "fold": 1,
      "val_accuracy": 92.16494845360825,
      "test_accuracy": 90.51937345424567,
      "test_balanced_accuracy": 86.38583149889934,
      "subgroup_accuracy": {
        "CN": {
          "accuracy": 93.6842105263158,
          "n_samples": 950
        },
        "AD_trajectory": {
          "accuracy": 73.5632183908046,
          "n_samples": 174
        },
        "MCI_to_AD": {
          "accuracy": 84.31372549019608,
          "n_samples": 51
        },
        "AD": {
          "accuracy": 97.36842105263158,
          "n_samples": 38
        }
      }
    },
    {
      "seed": 42,
      "fold": 2,
      "val_accuracy": 92.57731958762886,
      "test_accuracy": 91.26133553173949,
      "test_balanced_accuracy": 84.708983938436,
      "subgroup_accuracy": {
        "AD": {
          "accuracy": 87.5,
          "n_samples": 48
        },
        "CN": {
          "accuracy": 96.31190727081137,
          "n_samples": 949
        },
        "AD_trajectory": {
          "accuracy": 67.45562130177515,
          "n_samples": 169
        },
        "MCI_to_AD": {
          "accuracy": 78.72340425531915,
          "n_samples": 47
        }
      }
    },
    {
      "seed": 42,
      "fold": 3,
      "val_accuracy": 92.78350515463917,
      "test_accuracy": 92.1681780708986,
      "test_balanced_accuracy": 88.70621387744674,
      "subgroup_accuracy": {
        "AD_trajectory": {
          "accuracy": 77.8409090909091,
          "n_samples": 176
        },
        "CN": {
          "accuracy": 94.83667017913592,
          "n_samples": 949
        },
        "AD": {
          "accuracy": 97.2972972972973,
          "n_samples": 37
        },
        "MCI_to_AD": {
          "accuracy": 88.23529411764706,
          "n_samples": 51
        }
      }
    },
    {
      "seed": 42,
      "fold": 4,
      "val_accuracy": 92.78350515463917,
      "test_accuracy": 92.82769991755977,
      "test_balanced_accuracy": 86.94039978286554,
      "subgroup_accuracy": {
        "CN": {
          "accuracy": 97.36564805057955,
          "n_samples": 949
        },
        "MCI_to_AD": {
          "accuracy": 79.59183673469387,
          "n_samples": 49
        },
        "AD_trajectory": {
          "accuracy": 68.75,
          "n_samples": 160
        },
        "AD": {
          "accuracy": 96.36363636363636,
          "n_samples": 55
        }
      }
    },
    {
      "seed": 123,
      "fold": 0,
      "val_accuracy": 92.57731958762886,
      "test_accuracy": 91.34377576257214,
      "test_balanced_accuracy": 85.12487492495498,
      "subgroup_accuracy": {
        "CN": {
          "accuracy": 96.10526315789474,
          "n_samples": 950
        },
        "AD_trajectory": {
          "accuracy": 70.23809523809523,
          "n_samples": 168
        },
        "AD": {
          "accuracy": 95.23809523809523,
          "n_samples": 42
        },
        "MCI_to_AD": {
          "accuracy": 69.81132075471697,
          "n_samples": 53
        }
      }
    },
    {
      "seed": 123,
      "fold": 1,
      "val_accuracy": 93.19587628865979,
      "test_accuracy": 92.58037922506183,
      "test_balanced_accuracy": 88.93896337802681,
      "subgroup_accuracy": {
        "AD": {
          "accuracy": 94.0,
          "n_samples": 50
        },
        "CN": {
          "accuracy": 95.36842105263158,
          "n_samples": 950
        },
        "MCI_to_AD": {
          "accuracy": 88.88888888888889,
          "n_samples": 45
        },
        "AD_trajectory": {
          "accuracy": 77.38095238095238,
          "n_samples": 168
        }
      }
    },
    {
      "seed": 123,
      "fold": 2,
      "val_accuracy": 94.02061855670104,
      "test_accuracy": 91.67353668590272,
      "test_balanced_accuracy": 85.51924673500015,
      "subgroup_accuracy": {
        "CN": {
          "accuracy": 96.4172813487882,
          "n_samples": 949
        },
        "MCI_to_AD": {
          "accuracy": 72.22222222222221,
          "n_samples": 54
        },
        "AD_trajectory": {
          "accuracy": 70.48192771084338,
          "n_samples": 166
        },
        "AD": {
          "accuracy": 93.18181818181817,
          "n_samples": 44
        }
      }
    },
    {
      "seed": 123,
      "fold": 3,
      "val_accuracy": 91.75257731958763,
      "test_accuracy": 92.08573784006595,
      "test_balanced_accuracy": 85.50926812913114,
      "subgroup_accuracy": {
        "CN": {
          "accuracy": 97.15489989462593,
          "n_samples": 949
        },
        "MCI_to_AD": {
          "accuracy": 82.35294117647058,
          "n_samples": 51
        },
        "AD_trajectory": {
          "accuracy": 67.05202312138728,
          "n_samples": 173
        },
        "AD": {
          "accuracy": 92.5,
          "n_samples": 40
        }
      }
    },
    {
      "seed": 123,
      "fold": 4,
      "val_accuracy": 94.43298969072166,
      "test_accuracy": 91.59109645507007,
      "test_balanced_accuracy": 85.87668039722834,
      "subgroup_accuracy": {
        "CN": {
          "accuracy": 95.99578503688093,
          "n_samples": 949
        },
        "AD_trajectory": {
          "accuracy": 66.46341463414635,
          "n_samples": 164
        },
        "MCI_to_AD": {
          "accuracy": 87.5,
          "n_samples": 56
        },
        "AD": {
          "accuracy": 95.45454545454545,
          "n_samples": 44
        }
      }
    },
    {
      "seed": 456,
      "fold": 0,
      "val_accuracy": 87.42268041237114,
      "test_accuracy": 88.87056883759274,
      "test_balanced_accuracy": 79.00900540324194,
      "subgroup_accuracy": {
        "CN": {
          "accuracy": 96.42105263157895,
          "n_samples": 950
        },
        "AD_trajectory": {
          "accuracy": 49.71098265895954,
          "n_samples": 173
        },
        "MCI_to_AD": {
          "accuracy": 77.08333333333334,
          "n_samples": 48
        },
        "AD": {
          "accuracy": 92.85714285714286,
          "n_samples": 42
        }
      }
    },
    {
      "seed": 456,
      "fold": 1,
      "val_accuracy": 92.98969072164948,
      "test_accuracy": 92.08573784006595,
      "test_balanced_accuracy": 87.52331398839304,
      "subgroup_accuracy": {
        "AD": {
          "accuracy": 100.0,
          "n_samples": 33
        },
        "CN": {
          "accuracy": 95.57894736842105,
          "n_samples": 950
        },
        "AD_trajectory": {
          "accuracy": 75.70621468926554,