{
  "train_loss": [
    0.6772983209576728,
    0.6697142127546694,
    0.6563815298392793,
    0.6304945451656003,
    0.6111421439538619,
    0.7092571459937943,
    0.6754382744850196,
    0.6548022167585109,
    0.6573105210568502,
    0.6147708939227651,
    0.61649560227993,
    0.6116697513604248,
    0.6198898197932284,
    0.6034022815663562,
    0.6058833518140233,
    0.5737506098899675,
    0.5994945956634588,
    0.5696123127887716,
    0.5817613810772276,
    0.5560768611163348,
    0.5921487068762298,
    0.5695015451960063,
    0.5827294945027582,
    0.5629956889275597,
    0.5357552458603118,
    0.520338327301622,
    0.5270567987235557,
    0.5611426697143233,
    0.5508703189516004,
    0.5618556560886087,
    0.5227321327538902,
    0.5197828892936558,
    0.5365169489079844,
    0.5071083138542607,
    0.5303182201165263,
    0.48058658776798824,
    0.4755379527699955,
    0.5134353347366774,
    0.49118913676730225,
    0.5016121623699912,
    0.48259605485922896
  ],
  "train_acc": [
    78.18096135721018,
    78.27521206409048,
    78.44015080113101,
    78.36946277097078,
    81.62111215834119,
    82.42224316682375,
    83.85956644674835,
    85.48539114043355,
    86.02733270499529,
    86.61639962299718,
    86.875589066918,
    87.37040527803958,
    87.9359095193214,
    87.70028275212064,
    88.33647502356267,
    88.52497643732328,
    88.54853911404335,
    88.99622997172479,
    89.51460885956645,
    88.92554194156456,
    88.85485391140433,
    89.23185673892554,
    89.4674835061263,
    89.98586239396795,
    90.24505183788878,
    90.33930254476908,
    90.24505183788878,
    89.60885956644675,
    90.1272384542884,
    90.24505183788878,
    90.15080113100848,
    90.55136663524976,
    90.52780395852969,
    90.9048067860509,
    90.62205466540999,
    91.39962299717249,
    91.4703110273327,
    90.57492931196984,
    90.9990574929312,
    91.7530631479736,
    91.77662582469368
  ],
  "val_loss": [
    0.6716864746913576,
    0.6540965864010024,
    0.6082412348243228,
    0.47586130190706044,
    0.5672921408457976,
    0.6788039429076506,
    0.5020768416855533,
    0.5015306050660449,
    0.4690478908565925,
    0.5032991780725863,
    0.7232357919636885,
    0.4837681059710265,
    0.48915630733015286,
    0.4422050630525694,
    0.44309042542680116,
    0.3827094097643184,
    0.5017064698815311,
    0.5690937903455051,
    0.7321581958319912,
    0.46693306838342485,
    0.5585312618037406,
    0.6104135339626002,
    0.7665096726678281,
    0.5042286602714612,
    0.5119712810492114,
    0.6038026422440389,
    0.4299304939506743,
    0.6390544504401509,
    0.6041085460225044,
    0.6024547253671284,
    0.6612507647428733,
    0.5699362408462261,
    0.6191066848330496,
    0.7819889169269963,
    0.4836966619879062,
    0.6427979809866469,
    0.6419560970883283,
    0.5082231577510181,
    0.5275227115379126,
    0.5789435419032599,
    0.6056661180375255
  ],
  "val_acc": [
    78.24175824175825,
    78.24175824175825,
    80.76923076923077,
    83.07692307692308,
    74.17582417582418,
    77.6923076923077,
    85.49450549450549,
    89.34065934065934,
    90.0,
    90.65934065934066,
    90.32967032967034,
    90.87912087912088,
    89.89010989010988,
    89.34065934065934,
    90.87912087912088,
    92.96703296703296,
    92.41758241758242,
    91.0989010989011,
    90.32967032967034,
    91.53846153846153,
    91.53846153846153,
    91.64835164835165,
    90.0,
    91.53846153846153,
    91.31868131868131,
    91.53846153846153,
    90.54945054945055,
    90.98901098901099,
    91.53846153846153,
    91.0989010989011,
    91.31868131868131,
    92.08791208791209,
    90.32967032967034,
    90.10989010989012,
    91.97802197802197,
    91.31868131868131,
    91.64835164835165,
    92.08791208791209,
    91.20879120879121,
    91.86813186813187,
    91.53846153846153
  ],
  "val_balanced_acc": [
    50.0,
    50.0,
    55.990381341504936,
    77.88276018613097,
    77.11667234139144,
    79.18156281920328,
    82.89141414141415,
    82.79707184201565,
    84.12992282374306,
    84.0043695380774,
    79.2361820451708,
    85.42092271024855,
    84.60659970491432,
    86.62538304392238,
    86.69702644421746,
    87.30209397344228,
    84.581063443423,
    82.09766201339235,
    78.87158097832256,
    86.57147315855181,
    82.74316195664511,
    83.54258880944275,
    78.66090682101918,
    83.47236409034163,
    86.0664226535013,
    84.01926569061399,
    85.39254908636931,
    81.84513676086709,
    83.65466462376575,
    81.91536147996823,
    82.60271251844286,
    85.28189195324028,
    79.96538417886731,
    78.91343207354444,
    85.39396776756327,
    82.05581091817047,
    83.36028827601861,
    85.64649302008853,
    85.81389740097605,
    83.68303824764499,
    83.10776302349336
  ],
  "lr": [
    4.16e-06,
    8.12e-06,
    1.208e-05,
    1.604e-05,
    2e-05,
    1.9994559910542215e-05,
    1.9978245590826807e-05,
    1.995107488032286e-05,
    1.99130774898034e-05,
    1.9864294968857084e-05,
    1.980478066045435e-05,
    1.9734599642617656e-05,
    1.9653828657259615e-05,
    1.9562556026266855e-05,
    1.9460881554921313e-05,
    1.9348916422764634e-05,
    1.9226783062024977e-05,
    1.9094615023739165e-05,
    1.8952556831716594e-05,
    1.8800763824504565e-05,
    1.8639401985527858e-05,
    1.8468647761588305e-05,
    1.8288687869922797e-05,
    1.8099719094030724e-05,
    1.7901948068494113e-05,
    1.7695591053025746e-05,
    1.748087369599233e-05,
    1.7258030787671335e-05,
    1.702730600351126e-05,
    1.6788951637676124e-05,
    1.6543228327165477e-05,
    1.6290404766811694e-05,
    1.60307574154661e-05,
    1.576457019369529e-05,
    1.549213417331815e-05,
    1.5213747259123093e-05,
    1.4929713863113555e-05,
    1.4640344571637945e-05,
    1.4345955805768004e-05,
    1.4046869475297047e-05,
    1.3743412626736296e-05
  ]
}