{"seed_42/fold_4/cn_ad_auc":0.9250333050744822,"fold_0/val_specificity":86.12143742255266,"seed_123/fold_3/cn_ad_specificity":90.11142061281338,"seed_456/fold_3/cn_ad_auc":0.9294941665657422,"seed_123/fold_3/test_sensitivity":79.29292929292929,"seed_42/fold_4/test_auc":0.935286857337419,"seed_123/fold_0/cn_ad_acc":81.07476635514018,"seed_456/fold_3/cn_ad_acc":84.22897196261682,"seed_42/fold_0/test_acc":85.27472527472527,"seed_123/fold_1/cn_ad_sensitivity":84.78260869565217,"fold_4/lr":0.000594535864494394,"fold_2/val_acc":86.6149369544132,"seed_456/fold_4/test_balanced_acc":84.43352059925093,"seed_123/fold_0/cn_ad_specificity":79.8050139275766,"seed_456/fold_0/test_balanced_acc":85.97704573828169,"seed_123/fold_1/test_acc":84.94505494505495,"fold_2/train_acc":88.48205625606208,"traj_balanced_accuracy_mean":84.87264971815534,"seed_456/fold_0/cn_ad_auc":0.9255782972023737,"seed_456/fold_0/test_specificity":86.09550561797752,"seed_42/fold_2/cn_ad_auc":0.9280610391183239,"fold_2/val_sensitivity":81.69642857142857,"seed_42/fold_4/test_balanced_acc":84.67540574282147,"seed_456/fold_4/test_sensitivity":83.33333333333333,"seed_42/fold_3/test_balanced_acc":85.02085461355125,"fold_0/epoch":27,"seed_42/fold_0/cn_ad_specificity":87.1866295264624,"traj_balanced_accuracy_std":0.2590552346744128,"fold_1/train_acc":91.65858389912707,"seed_42/fold_1/cn_ad_acc":86.09813084112149,"fold_1/val_auc":0.8928128872366793,"fold_3/lr":0.0008280299519544632,"fold_4/val_balanced_acc":84.59046955213311,"cn_ad_accuracy_std":0.8188318111090755,"seed_42/fold_1/cn_ad_auc":0.9243672035848371,"seed_123/fold_4/test_acc":84.06593406593407,"seed_42/fold_1/cn_ad_balanced_acc":84.10338702515038,"fold_3/train_loss":0.4724062415518502,"cn_ad_auc_mean":0.9283698679907957,"fold_1/val_balanced_acc":83.01607585413348,"seed_123/fold_2/cn_ad_acc":82.59345794392523,"seed_42/fold_3/test_specificity":82.16292134831461,"fold_0/val_auc":0.9210756328553726,"fold_3/val_acc":82.15324927255092,"seed_42/fold_1/test_specificity":88.90449438202248,"seed_456/fold_4/cn_ad_specificity":88.3008356545961,"seed_123/fold_2/test_balanced_acc":84.57113267506526,"fold_3/val_loss":0.49049537832086737,"seed_123/fold_2/cn_ad_balanced_acc":84.35569819547051,"seed_456/fold_1/test_specificity":84.5505617977528,"_step":538,"seed_123/fold_1/cn_ad_auc":0.9338238262484357,"seed_42/fold_2/test_specificity":80.47752808988764,"seed_456/fold_3/test_balanced_acc":84.93715242310749,"seed_123/fold_4/cn_ad_auc":0.9287473255015946,"fold_2/val_loss":0.51817484516086,"seed_123/fold_2/cn_ad_sensitivity":86.95652173913044,"cn_ad_sensitivity_std":1.2652947684742777,"_timestamp":1.7684749434651191e+09,"fold_4/val_sensitivity":81.69642857142857,"seed_456/fold_1/test_balanced_acc":84.19447281806832,"seed_123/fold_1/cn_ad_acc":86.09813084112149,"seed_456/fold_2/test_auc":0.915943139257746,"seed_456/fold_2/cn_ad_sensitivity":86.23188405797102,"seed_123/fold_3/cn_ad_auc":0.9254571878406201,"seed_123/fold_0/test_specificity":78.79213483146067,"seed_123/fold_3/cn_ad_acc":88.43457943925233,"seed_123/fold_1/test_balanced_acc":85.27479854727046,"seed_123/fold_2/test_sensitivity":88.38383838383838,"seed_456/fold_4/cn_ad_auc":0.9324714383755196,"seed_42/fold_2/cn_ad_balanced_acc":83.00431956723588,"seed_123/fold_1/test_auc":0.931548632391329,"seed_456/fold_2/test_specificity":84.97191011235955,"seed_123/fold_0/test_auc":0.9285339348541596,"seed_456/fold_2/cn_ad_acc":86.44859813084112,"fold_4/val_specificity":87.48451053283767,"fold_4/val_acc":86.22696411251212,"fold_0/val_loss":0.5154384428804571,"seed_123/fold_4/test_specificity":82.58426966292134,"seed_42/fold_0/cn_ad_sensitivity":81.8840579710145,"fold_1/val_specificity":86.12143742255266,"seed_456/fold_0/cn_ad_balanced_acc":85.74744661095637,"seed_456/fold_0/test_acc":86.04395604395604,"seed_42/fold_0/test_sensitivity":83.33333333333333,"seed_456/fold_3/test_auc":0.9301866984451255,"fold_2/lr":0.0004968156973406523,"seed_456/fold_3/test_specificity":83.00561797752809,"seed_42/fold_2/test_sensitivity":89.39393939393939,"fold_0/val_acc":85.54801163918526,"seed_42/fold_2/cn_ad_sensitivity":85.5072463768116,"seed_123/fold_4/cn_ad_sensitivity":86.95652173913044,"fold_3/val_balanced_acc":83.43954682244646,"seed_456/fold_3/test_acc":83.84615384615384,"seed_456/fold_2/test_balanced_acc":83.14252071274544,"seed_123/fold_4/cn_ad_specificity":85.0974930362117,"seed_123/fold_1/test_specificity":84.69101123595506,"fold_0/val_balanced_acc":84.80179013984777,"seed_456/fold_0/cn_ad_specificity":88.16155988857939,"seed_42/fold_1/test_acc":87.36263736263736,"fold_3/train_acc":86.39670223084384,"seed_42/fold_4/cn_ad_balanced_acc":84.17201566347745,"seed_123/fold_0/cn_ad_auc":0.9217835372007589,"seed_456/fold_0/cn_ad_sensitivity":83.33333333333333,"fold_1/lr":0.0002481100609782983,"seed_456/fold_2/cn_ad_auc":0.9343082636954504,"seed_42/fold_3/test_sensitivity":87.87878787878788,"seed_42/fold_0/cn_ad_balanced_acc":84.53534374873844,"seed_123/fold_3/test_specificity":91.01123595505618,"seed_123/fold_3/cn_ad_balanced_acc":84.9107827701748,"seed_42/fold_4/test_specificity":91.57303370786516,"seed_123/fold_4/test_auc":0.9368190330268982,"fold_4/epoch":42,"seed_42/fold_3/cn_ad_auc":0.9370635016753462,"seed_42/fold_1/test_sensitivity":81.81818181818181,"seed_456/fold_1/test_auc":0.9125524912041766,"traj_accuracy_mean":84.79120879120879,"traj_sensitivity_std":1.2407761463089768,"seed_456/fold_2/cn_ad_specificity":86.49025069637884,"cn_ad_specificity_mean":85.719591457753,"seed_42/fold_1/test_balanced_acc":85.36133810010215,"seed_456/fold_2/cn_ad_balanced_acc":86.36106737717493,"seed_123/fold_2/cn_ad_auc":0.9263756005005854,"seed_42/fold_3/cn_ad_specificity":82.72980501392757,"seed_123/fold_2/cn_ad_specificity":81.75487465181058,"seed_456/fold_0/test_sensitivity":85.85858585858585,"seed_42/fold_2/test_auc":0.9337404948360004,"seed_123/fold_4/test_balanced_acc":85.98910452843037,"traj_auc_std":0.004470719578595978,"seed_123/fold_0/test_balanced_acc":84.85061287027578,"seed_42/fold_0/test_specificity":85.81460674157303,"fold_3/val_specificity":81.16480793060718,"traj_specificity_mean":84.72846441947566,"seed_456/fold_4/test_specificity":85.53370786516854,"seed_42/fold_4/test_sensitivity":77.77777777777777,"seed_42/fold_2/test_acc":82.41758241758242,"seed_456/fold_0/cn_ad_acc":87.38317757009345,"fold_4/train_loss":0.4487563907638077,"fold_4/val_auc":0.9222484067976634,"seed_456/fold_4/cn_ad_sensitivity":85.5072463768116,"fold_2/val_balanced_acc":84.8383010267304,"seed_456/fold_4/test_acc":85.05494505494505,"fold_4/val_loss":0.4995198638150186,"traj_specificity_std":0.908866921151293,"seed_456/fold_4/cn_ad_balanced_acc":86.90404101570385,"seed_42/fold_1/test_auc":0.9350102145045965,"seed_42/fold_1/cn_ad_specificity":87.04735376044569,"traj_auc_mean":0.9294508757991905,"seed_456/fold_2/test_acc":84.17582417582418,"seed_42/fold_4/cn_ad_specificity":90.80779944289694,"seed_42/fold_4/cn_ad_acc":88.66822429906541,"seed_123/fold_0/test_acc":81.42857142857143,"seed_456/fold_4/cn_ad_acc":87.85046728971963,"seed_456/fold_1/test_sensitivity":83.83838383838383,"seed_123/fold_2/test_acc":82.41758241758242,"seed_123/fold_2/test_auc":0.9280161162183634,"fold_0/train_acc":86.34820562560621,"seed_456/fold_1/test_acc":84.3956043956044,"seed_456/fold_0/test_auc":0.9286332425377369,"seed_42/fold_2/cn_ad_specificity":80.50139275766017,"_runtime":643,"seed_123/fold_1/cn_ad_balanced_acc":85.56679181300714,"_wandb":{"runtime":643},"fold_2/val_auc":0.9145313329792883,"seed_42/fold_3/test_auc":0.9346129837702871,"seed_456/fold_1/cn_ad_acc":87.26635514018692,"seed_42/fold_0/cn_ad_acc":86.33177570093459,"seed_42/fold_0/test_auc":0.9317827147883327,"fold_1/val_sensitivity":79.91071428571429,"seed_42/fold_3/cn_ad_balanced_acc":84.843163376529,"fold_3/val_auc":0.9285271729509649,"seed_42/fold_3/test_acc":83.4065934065934,"seed_123/fold_0/cn_ad_sensitivity":87.68115942028986,"seed_42/fold_2/cn_ad_acc":81.30841121495327,"cn_ad_auc_std":0.0014199160466580904,