{"seed_42/fold_2/cn_ad_balanced_acc":83.40040561077251,"seed_123/fold_3/test_balanced_acc":84.18650413513427,"seed_42/fold_2/cn_ad_auc":0.9010436799381523,"seed_42/fold_0/cn_ad_sensitivity":81.11111111111111,"seed_456/fold_0/test_acc":87.05688375927453,"seed_456/fold_4/cn_ad_acc":83.4934497816594,"seed_123/fold_0/cn_ad_sensitivity":88.48167539267016,"seed_123/fold_3/cn_ad_sensitivity":79.29292929292929,"seed_123/fold_2/cn_ad_acc":87.78558875219683,"fold_2/train_acc":87.47423860773986,"seed_42/fold_0/test_specificity":84.3157894736842,"seed_456/fold_3/test_auc":0.9390865983331736,"seed_42/fold_1/test_specificity":84,"seed_123/fold_0/test_sensitivity":88.59315589353612,"seed_123/fold_3/test_auc":0.919859820544752,"seed_456/fold_1/test_sensitivity":83.65019011406844,"seed_42/fold_2/test_sensitivity":74.62121212121212,"fold_1/val_balanced_acc":83.85029909240924,"seed_123/fold_1/test_auc":0.9336401841104663,"fold_2/train_loss":0.45916047953341127,"seed_123/fold_1/cn_ad_specificity":82.3157894736842,"seed_42/fold_4/test_acc":83.26463314097279,"seed_456/fold_3/test_specificity":86.51211801896733,"fold_3/val_balanced_acc":83.52044235924933,"fold_1/val_sensitivity":85.14851485148515,"seed_456/fold_0/test_auc":0.9324434660796477,"seed_456/fold_2/test_auc":0.911892901618929,"seed_42/fold_0/test_auc":0.9273924354612768,"seed_123/fold_1/cn_ad_sensitivity":88.44221105527639,"fold_0/val_specificity":84.88063660477454,"seed_42/fold_4/test_balanced_acc":86.02356547562027,"seed_42/fold_1/test_balanced_acc":83.63498098859316,"seed_123/fold_0/cn_ad_acc":83.96143733567047,"_wandb":{"runtime":615},"seed_123/fold_1/cn_ad_auc":0.9318857445120338,"fold_4/val_acc":83.09278350515464,"fold_4/lr":0.0006579634122155987,"traj_balanced_accuracy_std":0.3226324251946799,"seed_42/fold_2/cn_ad_sensitivity":78.39195979899498,"fold_1/val_auc":0.926180899339934,"seed_123/fold_4/test_specificity":86.9336143308746,"seed_456/fold_4/cn_ad_sensitivity":81.63265306122449,"seed_456/fold_1/cn_ad_auc":0.9145394736842106,"seed_42/fold_0/cn_ad_specificity":85.26315789473684,"seed_123/fold_3/cn_ad_acc":86.48648648648648,"seed_456/fold_3/cn_ad_acc":86.5079365079365,"traj_auc_std":0.0011558055450007672,"seed_123/fold_0/test_acc":84.25391591096455,"seed_456/fold_2/test_specificity":87.14436248682824,"fold_4/val_specificity":82.74932614555256,"seed_456/fold_2/test_balanced_acc":82.20854487977776,"fold_3/val_auc":0.9368058215243202,"seed_123/fold_2/cn_ad_auc":0.9321089869035074,"cn_ad_sensitivity_mean":82.89044982698938,"seed_456/fold_0/test_sensitivity":84.4106463878327,"fold_2/val_acc":86.3917525773196,"fold_0/val_sensitivity":78.70370370370371,"seed_456/fold_4/cn_ad_specificity":83.8777660695469,"seed_456/fold_1/test_acc":84.1714756801319,"seed_42/fold_4/test_sensitivity":90.9090909090909,"traj_sensitivity_mean":83.53852210316089,"fold_0/val_acc":83.50515463917526,"seed_42/fold_0/cn_ad_balanced_acc":83.18713450292398,"seed_42/fold_4/cn_ad_balanced_acc":86.90409855510623,"seed_42/fold_4/cn_ad_acc":83.0701754385965,"seed_456/fold_2/test_sensitivity":77.27272727272727,"cn_ad_accuracy_std":0.3903868677696268,"fold_0/val_loss":0.5048186536878347,"fold_4/val_balanced_acc":83.47992623067103,"seed_123/fold_3/cn_ad_auc":0.9104746091047461,"cn_ad_accuracy_mean":85.16272082974915,"traj_specificity_std":0.47377287282645686,"seed_42/fold_1/test_sensitivity":83.26996197718631,"seed_42/fold_2/test_acc":85.24319868095631,"seed_456/fold_3/cn_ad_auc":0.9420214735283229,"seed_456/fold_3/test_acc":86.56224237427865,"fold_3/lr":0.0008154522974444005,"seed_123/fold_0/test_balanced_acc":85.82289373624175,"fold_3/val_sensitivity":81.25,"seed_456/fold_3/cn_ad_balanced_acc":86.4993022527269,"seed_456/fold_4/test_balanced_acc":83.81490085257208,"seed_123/fold_1/test_balanced_acc":85.72943766259755,"fold_1/lr":0.0008025351679050972,"fold_4/epoch":38,"seed_42/fold_2/cn_ad_acc":86.67247386759581,"seed_42/fold_4/cn_ad_auc":0.9536298887227669,"seed_123/fold_1/test_acc":83.67683429513603,"fold_4/val_sensitivity":84.21052631578948,"seed_456/fold_0/test_specificity":87.78947368421052,"seed_456/fold_1/cn_ad_acc":84.0630472854641,"fold_2/epoch":38,"seed_456/fold_0/cn_ad_auc":0.9282993916953187,"fold_2/val_auc":0.9242984147386462,"cn_ad_balanced_accuracy_std":0.07813225806634168,"seed_456/fold_1/test_balanced_acc":83.98298979387633,"seed_42/fold_1/test_acc":83.84171475680132,"seed_123/fold_1/cn_ad_acc":83.37684943429069,"seed_456/fold_2/cn_ad_acc":85.8274647887324,"fold_2/val_specificity":87.66066838046272,"seed_456/fold_3/test_balanced_acc":86.62727113069579,"seed_456/fold_3/test_sensitivity":86.74242424242425,"seed_42/fold_1/cn_ad_balanced_acc":81.94974874371859,"seed_123/fold_2/cn_ad_sensitivity":80.42328042328042,"seed_456/fold_0/cn_ad_balanced_acc":85.86643745040993,"fold_2/val_loss":0.4986392669379711,"seed_456/fold_1/test_specificity":84.3157894736842,"_step":509,"traj_specificity_mean":85.24723716562217,"seed_42/fold_0/test_acc":84.08903544929926,"seed_123/fold_0/test_specificity":83.05263157894737,"seed_42/fold_2/test_auc":0.900110163808794,"seed_42/fold_4/test_specificity":81.13804004214963,"seed_123/fold_2/cn_ad_specificity":89.2518440463646,"seed_456/fold_2/cn_ad_balanced_acc":82.71498847647115,"fold_3/val_acc":84.74226804123711,"seed_123/fold_2/test_auc":0.9244579621291951,"seed_42/fold_3/test_balanced_acc":84.85866302647125,"seed_42/fold_1/cn_ad_specificity":84,"seed_456/fold_0/cn_ad_acc":87.46736292428199,"seed_42/fold_3/cn_ad_specificity":85.35300316122233,"seed_42/fold_1/cn_ad_acc":83.28981723237598,"fold_1/train_acc":86.55827799404625,"seed_456/fold_1/test_auc":0.9158455073043825,"traj_auc_mean":0.9253612647029629,"seed_456/fold_1/cn_ad_balanced_acc":83.1485745614035,"seed_123/fold_4/test_sensitivity":80.3030303030303,"seed_42/fold_3/cn_ad_balanced_acc":85.57123842271643,"seed_42/fold_3/test_acc":85.07831821929102,"seed_456/fold_0/cn_ad_sensitivity":83.41708542713567,"seed_123/fold_4/cn_ad_sensitivity":77.47252747252747,"seed_42/fold_2/test_balanced_acc":81.40965769390426,"fold_1/epoch":28,"seed_42/fold_4/cn_ad_specificity":81.13804004214963,"cn_ad_sensitivity_std":0.5312877088766598,"seed_123/fold_2/test_acc":86.6446826051113,"fold_0/train_loss":0.45608968956627116,"seed_123/fold_3/test_sensitivity":81.43939393939394,"seed_456/fold_1/cn_ad_specificity":84.52631578947368,"seed_42/fold_3/test_specificity":85.24762908324553,"seed_123/fold_4/cn_ad_acc":85.41114058355437,"fold_1/val_acc":83.09278350515464,"seed_456/fold_1/cn_ad_sensitivity":81.77083333333333,"seed_123/fold_4/test_auc":0.9082127917744356,"seed_456/fold_4/cn_ad_balanced_acc":82.75520956538568,"seed_42/fold_1/cn_ad_sensitivity":79.89949748743719,"seed_42/fold_3/cn_ad_acc":85.42581211589113,"traj_accuracy_mean":84.87496564990383,"seed_42/fold_1/test_auc":0.9255313187912747,"seed_456/fold_0/cn_ad_specificity":88.3157894736842,"cn_ad_auc_mean":0.9241626035031015,"fold_4/train_acc":86.90176322418137,"_runtime":615,"seed_123/fold_4/cn_ad_auc":0.8982445373383203,"seed_456/fold_4/test_specificity":82.40252897787144,"seed_123/fold_4/cn_ad_specificity":86.9336143308746,"traj_accuracy_std":0.40417205409948576,"fold_4/val_auc":0.9265380432212605,"seed_42/fold_4/test_auc":0.9465825270619791,"seed_456/fold_4/test_acc":83.01731244847485,"traj_sensitivity_std":0.2268084538540105,"fold_3/val_loss":0.5174615047872066,"seed_456/fold_2/cn_ad_auc":0.9185125913570715,"seed_42/fold_3/cn_ad_sensitivity":85.78947368421052,"seed_42/fold_4/cn_ad_sensitivity":92.67015706806282,"seed_123/fold_1/test_sensitivity":89.35361216730038,"seed_123/fold_2/test_sensitivity":79.54545454545455,"seed_42/fold_0/test_sensitivity":83.26996197718631,"seed_42/fold_3/cn_ad_auc":0.9333037546447784,"_timestamp":1.768576856537469e+09,"seed_123/fold_2/cn_ad_balanced_acc":84.8375622348225,"fold_2/lr":0.0006579634122155987,"seed_123/fold_3/test_acc":85.73784006595218,"fold_0/lr":0.0006265153161346953,"seed_42/fold_2/test_specificity":88.19810326659642,"traj_balanced_accuracy_mean":84.39287963439152,