{
  "train_loss": [
    0.6854165317105853,
    0.6814004855215057,
    0.6727535893971269,
    0.6371153851678549,
    0.5603682021033173,
    0.5636614859758391,
    0.6287244576614442,
    0.6084284072026056,
    0.6046310383662935,
    0.5920664823213823,
    0.6055877522319124,
    0.5832050502519623,
    0.5914841582493525,
    0.5937122746114811,
    0.5810213261125186,
    0.5763127920621899,
    0.602445875787588,
    0.5708427731927161,
    0.5367630785797753,
    0.5833263383168786,
    0.5668042611203509,
    0.5337728855545509,
    0.5834947795610036,
    0.5337659791340448,
    0.5736519856985046,
    0.5600943270238975,
    0.5552963417184333,
    0.5592750919124588,
    0.5364122564800002,
    0.5311190602607728,
    0.5573911255594508,
    0.5201650243355943,
    0.5438217164417979,
    0.5433249739619272,
    0.5153964612607013,
    0.5705101099815354,
    0.5188026879342852,
    0.5510278990173405,
    0.5159650459796722,
    0.5231639470355821,
    0.515544602494809,
    0.49368942307449265,
    0.535160675207355,
    0.5636648876871649,
    0.509153977044654,
    0.4871098495766565,
    0.5056801319819484,
    0.5352902193913335,
    0.5199650821272642,
    0.5013882305883429
  ],
  "train_acc": [
    71.12603305785125,
    71.28099173553719,
    69.00826446280992,
    72.93388429752066,
    75.77479338842976,
    78.66735537190083,
    79.90702479338843,
    80.0103305785124,
    80.52685950413223,
    81.19834710743801,
    82.1797520661157,
    82.12809917355372,
    82.90289256198348,
    84.86570247933884,
    84.76239669421487,
    83.88429752066116,
    82.95454545454545,
    85.22727272727273,
    85.58884297520662,
    84.55578512396694,
    85.12396694214875,
    86.51859504132231,
    85.9504132231405,
    87.08677685950413,
    86.05371900826447,
    87.13842975206612,
    86.51859504132231,
    86.8801652892562,
    87.44834710743801,
    87.13842975206612,
    87.1900826446281,
    87.5,
    86.98347107438016,
    86.62190082644628,
    88.1198347107438,
    87.13842975206612,
    87.29338842975207,
    87.55165289256199,
    87.75826446280992,
    87.65495867768595,
    88.7396694214876,
    88.06818181818181,
    88.58471074380165,
    87.91322314049587,
    87.70661157024793,
    88.7396694214876,
    88.58471074380165,
    88.37809917355372,
    88.94628099173553,
    88.7396694214876
  ],
  "val_loss": [
    0.6843803656788973,
    0.6765847893861624,
    0.6543805071940789,
    0.6583108088144889,
    0.5517621372038355,
    0.6151789894972283,
    0.5554198071790429,
    0.5593102792492852,
    0.7264222564050354,
    0.5235377095120314,
    0.575801773265434,
    0.7903500867228453,
    0.5514823141364524,
    0.5476526640324244,
    0.5123756825520943,
    0.4551660061204949,
    0.5045416105914717,
    0.8298508746128601,
    0.5430933193554386,
    0.5252700735425326,
    0.5544823828117492,
    0.7189770575927329,
    0.47300606514013804,
    0.5018729575531324,
    0.5892622708712364,
    0.5296714206342585,
    0.7570033647072985,
    0.5940634051557236,
    0.5677844632446067,
    0.714190270225607,
    0.4913857178527486,
    0.5315930398971361,
    0.5892456301282016,
    0.5363616570774377,
    0.4740548000879174,
    0.4896715708432916,
    0.5579736411505459,
    0.5694211083900882,
    0.5918484653078709,
    0.5581793065312712,
    0.5363600590661428,
    0.542543235503567,
    0.5568940837295556,
    0.5217934227526152,
    0.5790894117308198,
    0.581019495914426,
    0.6059099921398089,
    0.5901853903096008,
    0.5621164902471579,
    0.5285756663657734
  ],
  "val_acc": [
    71.39423076923077,
    71.39423076923077,
    77.88461538461539,
    44.71153846153846,
    66.34615384615384,
    82.21153846153847,
    82.45192307692308,
    82.21153846153847,
    83.65384615384616,
    81.49038461538461,
    86.53846153846153,
    85.57692307692308,
    80.28846153846153,
    87.25961538461539,
    86.0576923076923,
    82.45192307692308,
    87.74038461538461,
    83.65384615384616,
    88.70192307692308,
    87.74038461538461,
    83.41346153846153,
    88.9423076923077,
    89.1826923076923,
    88.9423076923077,
    88.70192307692308,
    89.1826923076923,
    87.01923076923077,
    88.70192307692308,
    89.1826923076923,
    88.22115384615384,
    88.22115384615384,
    89.42307692307692,
    88.70192307692308,
    89.1826923076923,
    87.74038461538461,
    89.90384615384616,
    89.1826923076923,
    88.9423076923077,
    89.42307692307692,
    89.66346153846153,
    89.90384615384616,
    89.66346153846153,
    89.66346153846153,
    89.90384615384616,
    89.90384615384616,
    89.66346153846153,
    89.90384615384616,
    89.90384615384616,
    89.90384615384616,
    89.66346153846153
  ],
  "val_balanced_acc": [
    50.0,
    50.0,
    61.34453781512605,
    61.027643380584564,
    70.63916475681182,
    72.68483150836092,
    74.86772486772486,
    76.46209999151175,
    73.69493251846193,
    81.49704326174914,
    79.49240302181478,
    76.55264125852361,
    82.16619981325863,
    83.77472201001612,
    82.93297116826528,
    83.1777155306567,
    84.36324024559319,
    72.93947882183176,
    83.77755142461025,
    83.10415075120959,
    84.35475200181082,
    82.6868120985768,
    87.38788444670797,
    84.19771949183715,
    83.52573352573353,
    85.3733412556942,
    78.82183176300823,
    83.02209772798008,
    84.86970545794075,
    81.17448999801941,
    86.46266587443058,
    85.7935093229211,
    83.02209772798008,
    84.86970545794075,
    86.6296013354837,
    86.63384545737487,
    84.11425176131058,
    84.44953739071386,
    84.28260192966076,
    85.96185949127127,
    86.8856633562516,
    86.4654952890247,
    85.96185949127127,
    86.38202755849815,
    85.12293806411452,
    85.71004159239453,
    84.87112016523781,
    84.87112016523781,
    85.37475596299126,
    85.96185949127127
  ],
  "lr": [
    4.16e-06,
    8.12e-06,
    1.208e-05,
    1.604e-05,
    2e-05,
    1.9975762300085252e-05,
    1.9903167283978627e-05,
    1.9782568627301367e-05,
    1.9614553874586273e-05,
    1.939994157681979e-05,
    1.913977730354388e-05,
    1.8835328548946324e-05,
    1.8488078556756437e-05,
    1.8099719094030728e-05,
    1.767214220903383e-05,
    1.720743101336958e-05,
    1.670784953327064e-05,
    1.6175831679490298e-05,
    1.561396938953393e-05,
    1.5025000000000003e-05,
    1.4411792910551324e-05,
    1.3777335604488327e-05,
    1.312471909403073e-05,
    1.2457122861216697e-05,
    1.1777799367785961e-05,
    1.1090058209513155e-05,
    1.039724999218989e-05,
    9.702750007810121e-06,
    9.009941790486853e-06,
    8.322200632214046e-06,
    7.642877138783307e-06,
    6.975280905969276e-06,
    6.3226643955116775e-06,
    5.688207089448681e-06,
    5.075000000000004e-06,
    4.486030610466072e-06,
    3.924168320509701e-06,
    3.3921504667293614e-06,
    2.8925689866304216e-06,
    2.4278577909661707e-06,
    2.000280905969275e-06,
    1.6119214432435624e-06,
    1.2646714510536793e-06,
    9.602226964561229e-07,
    7.000584231802125e-07,
    4.854461254137294e-07,
    3.174313726986335e-07,
    1.9683271602137604e-07,
    1.2423769991474923e-07,
    1e-07
  ]
}