{"_step":5,"train/num_tokens":246864,"train_runtime":949.2843,"total_flos":5.4983044154304e+15,"train/global_step":21,"eval/loss":13.680602073669434,"train/loss":14.2322,"train/mean_token_accuracy":0.03142337966710329,"train_steps_per_second":0.022,"eval/samples_per_second":1.307,"train/epoch":3,"train/learning_rate":6.030737921409169e-07,"eval/entropy":3.914417073726654,"eval/runtime":76.5215,"_runtime":960,"eval/num_tokens":250200,"_wandb":{"runtime":960},"eval/steps_per_second":1.307,"train_loss":16.60663704645066,"eval/mean_token_accuracy":0.0314525805413723,"train_samples_per_second":0.316,"train/entropy":3.57340559443912,"_timestamp":1.7694339986891656e+09,"train/grad_norm":16.25}