{
  "train_loss": [
    1.4008389240530528,
    1.380120764039967,
    1.37210521265252,
    1.363449013124318,
    1.3413497186414727,
    1.342479284767691,
    1.3512317135453769,
    1.331183733052859,
    1.328376405723563,
    1.3371180872938948,
    1.3662462978874712,
    1.3500033608854634,
    1.3450136055412902,
    1.333006255022467,
    1.3349205793038894,
    1.3398067949841557,
    1.3142133793330084,
    1.3273544121006309,
    1.3201116383347882,
    1.3239185906708513,
    1.3065139380492032,
    1.3116159405066,
    1.2883151909123818,
    1.304763904309164,
    1.2994751044332165,
    1.297685024128657,
    1.2944061686731365,
    1.2867617164844791,
    1.2932065972998805,
    1.27356137355713,
    1.2622523379924635,
    1.263820607096093,
    1.2608419720712862,
    1.2615115332276854,
    1.227949228188763,
    1.2377220744683863,
    1.2369760522559352,
    1.2156350113213334,
    1.2148534629715089,
    1.2062155387989462,
    1.2029584025683469,
    1.1910790328837966,
    1.194978741001865,
    1.2026475491044728,
    1.17917222056759,
    1.1962919635315463,
    1.1813294240464902,
    1.1649821656479684,
    1.1743670334554699,
    1.1763021352628595,
    1.1683343195071503,
    1.1826953855279374,
    1.1765993314382692
  ],
  "val_loss": [
    1.938034622276083,
    1.352544641875206,
    4.8394195363321835,
    2.3594150257871505,
    1.2224968329389045,
    2.541266717809312,
    2.7021192242490484,
    1.4706430942454236,
    1.4403580658613366,
    1.44105349385992,
    1.4580422005754836,
    1.2321876655233668,
    1.4297690007914887,
    1.3094333480013178,
    2.0394308468762863,
    1.2976769659113376,
    1.276073156519139,
    3.6390322123436216,
    1.393314632012489,
    1.4190866332104866,
    1.8977533077940028,
    1.3789806457910132,
    1.5195588976778882,
    1.2075433049430238,
    1.6428467098702775,
    1.2315532672912517,
    1.1926028053177165,
    1.1882792210325281,
    1.2370844886023948,
    1.1697676140577236,
    1.1506128330179985,
    1.2853700994177069,
    1.1570621456237549,
    1.3463751863926015,
    1.1986580716168627,
    1.7133456570036867,
    1.235218328681398,
    1.1675364635092147,
    1.1569637446961505,
    1.149937372892461,
    1.2125900200706847,
    1.399743545562663,
    1.1476082808159767,
    1.134691335419391,
    1.2468384390181684,
    1.2196800312463274,
    1.1175906724752265,
    1.2922003373820732,
    1.2706271365601967,
    1.1216547197483955,
    1.1430068231643515,
    1.2559670753618504,
    1.1519561308495543
  ],
  "train_acc": [
    0.3230593607305936,
    0.3207762557077626,
    0.3458904109589041,
    0.3219178082191781,
    0.3550228310502283,
    0.3504566210045662,
    0.339041095890411,
    0.3470319634703196,
    0.3698630136986301,
    0.3447488584474886,
    0.3093607305936073,
    0.3287671232876712,
    0.3470319634703196,
    0.3687214611872146,
    0.3515981735159817,
    0.365296803652968,
    0.3767123287671233,
    0.3584474885844749,
    0.384703196347032,
    0.3561643835616438,
    0.3892694063926941,
    0.3835616438356164,
    0.3984018264840183,
    0.3732876712328767,
    0.3835616438356164,
    0.3710045662100457,
    0.3801369863013699,
    0.3972602739726027,
    0.3892694063926941,
    0.3972602739726027,
    0.4166666666666667,
    0.4132420091324201,
    0.3824200913242009,
    0.3995433789954338,
    0.4337899543378995,
    0.4143835616438356,
    0.4257990867579909,
    0.4623287671232877,
    0.432648401826484,
    0.4589041095890411,
    0.4509132420091324,
    0.4623287671232877,
    0.4337899543378995,
    0.4463470319634703,
    0.4463470319634703,
    0.4360730593607306,
    0.4360730593607306,
    0.454337899543379,
    0.4429223744292237,
    0.4623287671232877,
    0.4600456621004566,
    0.476027397260274,
    0.4703196347031963
  ],
  "val_acc": [
    0.2765957446808511,
    0.2872340425531915,
    0.17553191489361702,
    0.2074468085106383,
    0.39893617021276595,
    0.2074468085106383,
    0.20212765957446807,
    0.35106382978723405,
    0.3776595744680851,
    0.26063829787234044,
    0.34574468085106386,
    0.40425531914893614,
    0.35106382978723405,
    0.39361702127659576,
    0.34574468085106386,
    0.32978723404255317,
    0.3670212765957447,
    0.18085106382978725,
    0.35638297872340424,
    0.30851063829787234,
    0.34574468085106386,
    0.3829787234042553,
    0.28191489361702127,
    0.44680851063829785,
    0.2553191489361702,
    0.3723404255319149,
    0.44148936170212766,
    0.43617021276595747,
    0.44680851063829785,
    0.43617021276595747,
    0.4627659574468085,
    0.3617021276595745,
    0.48936170212765956,
    0.35106382978723405,
    0.4148936170212766,
    0.2925531914893617,
    0.42021276595744683,
    0.43617021276595747,
    0.4627659574468085,
    0.46808510638297873,
    0.43617021276595747,
    0.3723404255319149,
    0.46808510638297873,
    0.4627659574468085,
    0.4308510638297872,
    0.42021276595744683,
    0.48404255319148937,
    0.425531914893617,
    0.4095744680851064,
    0.4946808510638298,
    0.42021276595744683,
    0.4308510638297872,
    0.4574468085106383
  ],
  "val_bal_acc": [
    0.24903846153846154,
    0.26972610722610724,
    0.25,
    0.2548076923076923,
    0.37707489878542505,
    0.2548076923076923,
    0.25,
    0.2565789473684211,
    0.2844988344988345,
    0.3155487056802846,
    0.25096153846153846,
    0.36863575021469763,
    0.25931174089068826,
    0.3199592074592075,
    0.25096153846153846,
    0.3565283400809717,
    0.29641608391608393,
    0.2548076923076923,
    0.2680361305361305,
    0.3281069807385597,
    0.25096153846153846,
    0.29900779045515885,
    0.3076923076923077,
    0.3896255060728745,
    0.29699883449883446,
    0.39458041958041956,
    0.3952659182922341,
    0.4111842105263158,
    0.37596153846153846,
    0.3843362777573304,
    0.4423951048951049,
    0.3813765182186235,
    0.47143602012023067,
    0.3641531713900135,
    0.3488605692553061,
    0.3524414182308919,
    0.36351981351981355,
    0.40087259231996075,
    0.446106305974727,
    0.4457857931542142,
    0.4339682247576985,
    0.38367838302048834,
    0.427834008097166,
    0.4314807999018525,
    0.3684455894982211,
    0.36430499325236165,
    0.4540424487792909,
    0.36172402159244266,
    0.41640596245859407,
    0.4706968470126365,
    0.40955097534044904,
    0.3758679916574654,
    0.42102962826647033
  ]
}