{
  "test_accuracy": 0.44148936170212766,
  "test_balanced_accuracy": 0.41019660164397004,
  "confusion_matrix": [
    [
      47,
      3,
      13,
      2
    ],
    [
      30,
      7,
      13,
      2
    ],
    [
      5,
      8,
      24,
      1
    ],
    [
      4,
      3,
      21,
      5
    ]
  ],
  "classification_report": {
    "CN": {
      "precision": 0.5465116279069767,
      "recall": 0.7230769230769231,
      "f1-score": 0.6225165562913907,
      "support": 65.0
    },
    "MCI_stable": {
      "precision": 0.3333333333333333,
      "recall": 0.1346153846153846,
      "f1-score": 0.1917808219178082,
      "support": 52.0
    },
    "MCI_to_AD": {
      "precision": 0.3380281690140845,
      "recall": 0.631578947368421,
      "f1-score": 0.44036697247706424,
      "support": 38.0
    },
    "AD": {
      "precision": 0.5,
      "recall": 0.15151515151515152,
      "f1-score": 0.23255813953488372,
      "support": 33.0
    },
    "accuracy": 0.44148936170212766,
    "macro avg": {
      "precision": 0.42946828256359865,
      "recall": 0.41019660164397004,
      "f1-score": 0.3718056225552867,
      "support": 188.0
    },
    "weighted avg": {
      "precision": 0.4372428700522448,
      "recall": 0.44148936170212766,
      "f1-score": 0.39810926839067035,
      "support": 188.0
    }
  }
}