{
  "train_loss": [
    0.6893186388136465,
    0.5801503862949866,
    0.5513509428953822,
    0.5940833839151678,
    0.5408164083108872,
    0.568943991620518,
    0.5393264428771372,
    0.511313504445119,
    0.48694917229534707,
    0.5276416987416488,
    0.4801037871644278,
    0.5214264321883645,
    0.5537416341278372,
    0.5393227220960904,
    0.5121061160476713,
    0.5050568551037319,
    0.5050422881959784,
    0.5328296300235994,
    0.49127918205966675,
    0.508125092884337,
    0.5086187792815198,
    0.5197275740955072,
    0.4783483976903489,
    0.49535874332319,
    0.39006947561869354,
    0.5489990651466415,
    0.45824241456837256,
    0.5532534599441982,
    0.495397589728402,
    0.42118647525239794
  ],
  "train_acc": [
    56.80379746835443,
    72.94303797468355,
    73.89240506329114,
    69.77848101265823,
    74.36708860759494,
    73.25949367088607,
    77.21518987341773,
    77.68987341772151,
    80.0632911392405,
    77.21518987341773,
    79.74683544303798,
    79.43037974683544,
    78.95569620253164,
    80.22151898734177,
    78.16455696202532,
    78.63924050632912,
    80.5379746835443,
    77.68987341772151,
    81.4873417721519,
    80.69620253164557,
    82.4367088607595,
    82.4367088607595,
    84.96835443037975,
    84.01898734177215,
    88.4493670886076,
    83.38607594936708,
    87.18354430379746,
    85.91772151898734,
    86.39240506329114,
    87.9746835443038
  ],
  "val_loss": [
    0.6834741287371692,
    0.66593832676025,
    0.6940293240853969,
    6.247569695115089,
    6.478025507401018,
    0.5488957497017348,
    0.41175048688755317,
    4.61961820195703,
    0.46357584613211017,
    3.72224372450043,
    3.330709836938267,
    0.41285630825715247,
    0.5167879836688585,
    0.3072598411646836,
    0.2893471681951162,
    1.9090758654107476,
    1.6683319596409358,
    1.3662236738566529,
    0.3057614631594761,
    0.8907816568560734,
    3.9256584802093557,
    0.40930721793762026,
    1.289653751618222,
    0.3996097794186105,
    1.6537477349364267,
    0.5189987164100304,
    1.6873996345692135,
    0.5705648330023156,
    1.8924548890875967,
    0.7709767143113662
  ],
  "val_acc": [
    62.96296296296296,
    67.4074074074074,
    71.11111111111111,
    46.666666666666664,
    46.666666666666664,
    73.33333333333333,
    78.51851851851852,
    46.666666666666664,
    80.0,
    48.148148148148145,
    47.407407407407405,
    82.96296296296296,
    74.81481481481481,
    85.92592592592592,
    89.62962962962963,
    49.629629629629626,
    53.333333333333336,
    59.25925925925926,
    87.4074074074074,
    70.37037037037037,
    47.407407407407405,
    88.14814814814815,
    67.4074074074074,
    86.66666666666667,
    65.92592592592592,
    85.18518518518519,
    68.14814814814815,
    86.66666666666667,
    70.37037037037037,
    82.22222222222223
  ],
  "val_balanced_acc": [
    61.408730158730165,
    65.67460317460318,
    72.12301587301587,
    50.0,
    50.0,
    74.20634920634922,
    79.16666666666666,
    50.0,
    78.67063492063492,
    51.388888888888886,
    50.69444444444444,
    83.43253968253967,
    76.28968253968253,
    86.21031746031747,
    89.58333333333333,
    52.77777777777778,
    50.0,
    61.80555555555556,
    87.59920634920636,
    72.12301587301587,
    50.69444444444444,
    87.59920634920636,
    65.07936507936508,
    86.11111111111111,
    68.05555555555556,
    85.31746031746033,
    65.97222222222221,
    86.60714285714286,
    68.35317460317461,
    83.03571428571428
  ],
  "lr": [
    2.08e-05,
    4.06e-05,
    6.04e-05,
    8.02e-05,
    0.0001,
    9.987832431047822e-05,
    9.951389003364144e-05,
    9.89084726566536e-05,
    9.806502171211903e-05,
    9.698764640825613e-05,
    9.568159560924791e-05,
    9.41532322633034e-05,
    9.241000240301346e-05,
    9.046039886902861e-05,
    8.831391993379293e-05,
    8.598102302691561e-05,
    8.347307378762495e-05,
    8.080229069251661e-05,
    7.798168552836378e-05,
    7.502499999999998e-05,
    7.19466387821144e-05,
    6.876159934112479e-05,
    6.548539886902861e-05,
    6.213399868520339e-05,
    5.872372647446317e-05,
    5.527119674021928e-05,
    5.1793229860289924e-05,
    4.830677013971008e-05,
    4.482880325978071e-05,
    4.137627352553683e-05
  ]
}