{
  "train_loss": [
    0.06262042847067877,
    0.06114712320478821,
    0.058134735109851565,
    0.05219287643056367,
    0.04908177330910029,
    0.04903938370852483,
    0.04665480876780571,
    0.0447683757937774,
    0.04236955542398685,
    0.04244230321381798,
    0.04275089105672153,
    0.04272839220579315,
    0.042615657493109575,
    0.040627129270381784,
    0.040326257477197126,
    0.03862000675652524,
    0.04044796899353324,
    0.039012546159427314,
    0.038405886772333385,
    0.03748164548573517,
    0.04014234768568967,
    0.03855268347379247,
    0.0364296413090389,
    0.037892313157314145,
    0.03589113825417767,
    0.034594016679228304,
    0.03550692964067345,
    0.034922094100245896,
    0.035509011513401814,
    0.037080474304569434,
    0.03374763111247919,
    0.035455573114123666,
    0.03456585951319314,
    0.03474104434005212,
    0.033637114584291354,
    0.03280013711988297,
    0.03227407500411647,
    0.03360921824220384,
    0.03324166525816904,
    0.03338638469140141,
    0.031596585751027445
  ],
  "train_acc": [
    77.37983034872761,
    72.97360980207351,
    74.31668237511781,
    78.27521206409048,
    82.44580584354382,
    82.98774740810556,
    84.33081998114986,
    85.65032987747408,
    86.26295947219604,
    87.04052780395853,
    87.81809613572102,
    87.22902921771913,
    87.29971724787936,
    87.67672007540057,
    88.57210179076343,
    88.45428840716305,
    88.47785108388312,
    88.80772855796418,
    89.42035815268615,
    89.25541941564562,
    89.30254476908577,
    89.91517436380772,
    89.72667295004713,
    89.8444863336475,
    90.52780395852969,
    90.33930254476908,
    90.45711592836946,
    89.96229971724787,
    90.43355325164939,
    90.52780395852969,
    90.88124410933082,
    90.88124410933082,
    91.04618284637135,
    91.04618284637135,
    91.14043355325165,
    91.63524976437323,
    92.10650329877474,
    90.62205466540999,
    91.28180961357211,
    92.03581526861451,
    92.41281809613572
  ],
  "val_loss": [
    0.06177631700248049,
    0.058543901727126355,
    0.05032836836190861,
    0.05049856540363021,
    0.03696137567340772,
    0.03677291172993647,
    0.03336543558582075,
    0.043906898559949344,
    0.034960284285357614,
    0.04174171871157963,
    0.04673514998668045,
    0.04030513262088725,
    0.033744723080369445,
    0.029367738876189514,
    0.03387594051169448,
    0.031080281484735264,
    0.04692873056263667,
    0.03986294388838966,
    0.05261590817494914,
    0.035383072877282346,
    0.039613498096163345,
    0.04696927328337839,
    0.0712448983802524,
    0.04064643860290648,
    0.036850264352675334,
    0.056144347576041025,
    0.03047174560631168,
    0.0523915832063562,
    0.04988518640828644,
    0.04068064345062196,
    0.05064587329188566,
    0.03999420525217015,
    0.04873454990861079,
    0.06362178827641815,
    0.039260108810706525,
    0.04758999045397535,
    0.0597285419554011,
    0.040425621812845064,
    0.04108683376564346,
    0.04656190506779112,
    0.040171598859224264
  ],
  "val_acc": [
    78.24175824175825,
    82.52747252747253,
    80.87912087912088,
    86.92307692307692,
    81.53846153846153,
    85.71428571428571,
    90.32967032967034,
    90.98901098901099,
    91.86813186813187,
    91.75824175824175,
    90.54945054945055,
    91.31868131868131,
    90.76923076923077,
    89.67032967032966,
    91.64835164835165,
    92.52747252747253,
    91.0989010989011,
    90.98901098901099,
    90.43956043956044,
    92.1978021978022,
    91.20879120879121,
    91.75824175824175,
    89.67032967032966,
    91.0989010989011,
    91.75824175824175,
    90.65934065934066,
    91.42857142857143,
    91.0989010989011,
    91.42857142857143,
    91.31868131868131,
    91.53846153846153,
    91.86813186813187,
    90.76923076923077,
    89.23076923076923,
    92.08791208791209,
    91.42857142857143,
    90.76923076923077,
    91.53846153846153,
    91.75824175824175,
    91.97802197802197,
    91.64835164835165
  ],
  "val_balanced_acc": [
    50.0,
    60.21308591533311,
    79.21277380547043,
    72.866303484281,
    81.45712745431847,
    83.39646464646464,
    85.06979911474292,
    80.93363409374645,
    85.14144251503802,
    83.61281352854387,
    80.10583361706958,
    83.33191465213937,
    85.35069799114743,
    87.38295880149813,
    87.0062989445012,
    86.83889456361366,
    81.18615934627171,
    82.20973782771534,
    79.1241062308478,
    86.99282147315856,
    81.98558619906935,
    84.15971512881626,
    77.72103053001929,
    82.09766201339235,
    85.8004199296334,
    80.35835886959482,
    86.68354897287483,
    81.91536147996823,
    83.03753830439223,
    82.96731358529111,
    83.29006355691749,
    86.05294518215867,
    80.79318465554421,
    76.34632845307003,
    85.28189195324028,
    82.8552377709681,
    80.61088412212007,
    84.20156622403813,
    86.52962206332992,
    84.84706616729089,
    84.63639200998752
  ],
  "lr": [
    4.16e-06,
    8.12e-06,
    1.208e-05,
    1.604e-05,
    2e-05,
    1.9994559910542215e-05,
    1.9978245590826807e-05,
    1.995107488032286e-05,
    1.99130774898034e-05,
    1.9864294968857084e-05,
    1.980478066045435e-05,
    1.9734599642617656e-05,
    1.9653828657259615e-05,
    1.9562556026266855e-05,
    1.9460881554921313e-05,
    1.9348916422764634e-05,
    1.9226783062024977e-05,
    1.9094615023739165e-05,
    1.8952556831716594e-05,
    1.8800763824504565e-05,
    1.8639401985527858e-05,
    1.8468647761588305e-05,
    1.8288687869922797e-05,
    1.8099719094030724e-05,
    1.7901948068494113e-05,
    1.7695591053025746e-05,
    1.748087369599233e-05,
    1.7258030787671335e-05,
    1.702730600351126e-05,
    1.6788951637676124e-05,
    1.6543228327165477e-05,
    1.6290404766811694e-05,
    1.60307574154661e-05,
    1.576457019369529e-05,
    1.549213417331815e-05,
    1.5213747259123093e-05,
    1.4929713863113555e-05,
    1.4640344571637945e-05,
    1.4345955805768004e-05,
    1.4046869475297047e-05,
    1.3743412626736296e-05
  ]
}