{
  "accuracy": 0.7805970149253731,
  "balanced_accuracy": 0.7310399297937692,
  "confusion_matrix": [
    [
      874,
      201
    ],
    [
      93,
      172
    ]
  ],
  "classification_report": {
    "CN": {
      "precision": 0.9038262668045501,
      "recall": 0.8130232558139535,
      "f1-score": 0.8560235063663075,
      "support": 1075.0
    },
    "AD": {
      "precision": 0.46112600536193027,
      "recall": 0.6490566037735849,
      "f1-score": 0.5391849529780565,
      "support": 265.0
    },
    "accuracy": 0.7805970149253731,
    "macro avg": {
      "precision": 0.6824761360832402,
      "recall": 0.7310399297937692,
      "f1-score": 0.697604229672182,
      "support": 1340.0
    },
    "weighted avg": {
      "precision": 0.8162773345043305,
      "recall": 0.7805970149253731,
      "f1-score": 0.7933651357335565,
      "support": 1340.0
    }
  },
  "auc_roc": 0.8173058358929355
}