{
  "accuracy": 0.6216216216216216,
  "balanced_accuracy": 0.5303703142429128,
  "confusion_matrix": [
    [
      100,
      7,
      3,
      0
    ],
    [
      20,
      33,
      7,
      9
    ],
    [
      7,
      20,
      6,
      10
    ],
    [
      2,
      7,
      6,
      22
    ]
  ],
  "classification_report": {
    "CN": {
      "precision": 0.7751937984496124,
      "recall": 0.9090909090909091,
      "f1-score": 0.8368200836820083,
      "support": 110.0
    },
    "MCI_stable": {
      "precision": 0.4925373134328358,
      "recall": 0.4782608695652174,
      "f1-score": 0.4852941176470588,
      "support": 69.0
    },
    "MCI_to_AD": {
      "precision": 0.2727272727272727,
      "recall": 0.13953488372093023,
      "f1-score": 0.18461538461538463,
      "support": 43.0
    },
    "AD": {
      "precision": 0.5365853658536586,
      "recall": 0.5945945945945946,
      "f1-score": 0.5641025641025641,
      "support": 37.0
    },
    "accuracy": 0.6216216216216216,
    "macro avg": {
      "precision": 0.5192609376158448,
      "recall": 0.5303703142429128,
      "f1-score": 0.517708037511754,
      "support": 259.0
    },
    "weighted avg": {
      "precision": 0.5823834892671086,
      "recall": 0.6216216216216216,
      "f1-score": 0.5959295742583952,
      "support": 259.0
    }
  },
  "auc_roc_macro": 0.8253679694096573
}