{
  "accuracy": 0.4980694980694981,
  "balanced_accuracy": 0.4100742897507306,
  "confusion_matrix": [
    [
      90,
      17,
      3,
      0
    ],
    [
      32,
      17,
      11,
      9
    ],
    [
      9,
      20,
      5,
      9
    ],
    [
      5,
      9,
      6,
      17
    ]
  ],
  "classification_report": {
    "CN": {
      "precision": 0.6617647058823529,
      "recall": 0.8181818181818182,
      "f1-score": 0.7317073170731707,
      "support": 110.0
    },
    "MCI_stable": {
      "precision": 0.2698412698412698,
      "recall": 0.2463768115942029,
      "f1-score": 0.25757575757575757,
      "support": 69.0
    },
    "MCI_to_AD": {
      "precision": 0.2,
      "recall": 0.11627906976744186,
      "f1-score": 0.14705882352941177,
      "support": 43.0
    },
    "AD": {
      "precision": 0.4857142857142857,
      "recall": 0.4594594594594595,
      "f1-score": 0.4722222222222222,
      "support": 37.0
    },
    "accuracy": 0.4980694980694981,
    "macro avg": {
      "precision": 0.40433006535947713,
      "recall": 0.4100742897507306,
      "f1-score": 0.4021410301001406,
      "support": 259.0
    },
    "weighted avg": {
      "precision": 0.455538972345695,
      "recall": 0.4980694980694981,
      "f1-score": 0.4712597829527528,
      "support": 259.0
    }
  },
  "auc_roc_macro": 0.7413703413932256
}