{
  "train_loss": [
    0.6854165317105853,
    0.6814004855215057,
    0.6727535893971269,
    0.6371153851678549,
    0.5603682021033173,
    0.5636614859758391,
    0.6288705338754745,
    0.6084594900223372,
    0.6040366080297112,
    0.5917990651762898,
    0.604965720199672,
    0.5825900672415409,
    0.5915891989658602,
    0.5934499663397985,
    0.5823285184003998,
    0.5725517134948956,
    0.6145090064315765,
    0.563088536618974,
    0.5383710112691614,
    0.5809993523344771,
    0.5749201431711953,
    0.542522040021982,
    0.5907802931126881,
    0.5366276676468561,
    0.5817977858595222,
    0.5586715090513799,
    0.5706328441225827,
    0.5481293191649848,
    0.5499642600724137,
    0.5262752104821674,
    0.5575158219014329,
    0.5159212292990049,
    0.5396480018296809,
    0.5486678735007655,
    0.5213963000209904,
    0.5864739740797579,
    0.5199502795431493,
    0.5220777901683978,
    0.5042044521567521,
    0.5222253164760903,
    0.5206508971880922,
    0.49618099310584723,
    0.543778776143325,
    0.549693838231509,
    0.5032503307344943,
    0.4862010041201869,
    0.4870849047531747,
    0.5175350111667961,
    0.4877817525052668,
    0.46935852146791057,
    0.5139427970157571,
    0.5002170082213171,
    0.47015291770039463,
    0.4941827892510273,
    0.4801391435260086,
    0.4278726021492287,
    0.48246038760603255,
    0.4794997949290767,
    0.4477783725071412
  ],
  "train_acc": [
    71.12603305785125,
    71.28099173553719,
    69.00826446280992,
    72.93388429752066,
    75.77479338842976,
    78.66735537190083,
    79.90702479338843,
    79.95867768595042,
    80.52685950413223,
    81.25,
    82.28305785123968,
    82.23140495867769,
    82.85123966942149,
    84.81404958677686,
    84.6590909090909,
    84.0909090909091,
    82.33471074380165,
    85.22727272727273,
    85.38223140495867,
    84.7107438016529,
    85.02066115702479,
    86.36363636363636,
    85.58884297520662,
    87.29338842975207,
    86.36363636363636,
    87.08677685950413,
    86.5702479338843,
    87.03512396694215,
    87.29338842975207,
    87.24173553719008,
    87.5,
    87.96487603305785,
    87.08677685950413,
    87.1900826446281,
    88.48140495867769,
    87.60330578512396,
    88.01652892561984,
    88.4297520661157,
    88.84297520661157,
    88.17148760330579,
    89.20454545454545,
    88.53305785123968,
    89.10123966942149,
    88.27479338842976,
    88.27479338842976,
    89.61776859504133,
    89.46280991735537,
    88.84297520661157,
    89.61776859504133,
    89.35950413223141,
    89.35950413223141,
    89.25619834710744,
    89.77272727272727,
    89.77272727272727,
    90.2892561983471,
    91.01239669421487,
    89.77272727272727,
    90.49586776859505,
    90.18595041322314
  ],
  "val_loss": [
    0.6843803656788973,
    0.6765847893861624,
    0.6543805071940789,
    0.6583108088144889,
    0.5517621372038355,
    0.6151789894972283,
    0.555719167782137,
    0.558377839338321,
    0.7228849968031192,
    0.5244299926383135,
    0.5833648736678207,
    0.797236166820557,
    0.5432054555410735,
    0.5474450896816472,
    0.5068915517141039,
    0.4374384785635182,
    0.5057746955762223,
    0.8611097522617246,
    0.5497676056536596,
    0.5254415702321029,
    0.5933146762433282,
    0.7401020586705551,
    0.46826771533680867,
    0.4599437857048962,
    0.6113046337822408,
    0.5570644023369263,
    0.6363767237624136,
    0.5624657946206683,
    0.5310605883580417,
    0.8718855084718178,
    0.4817020044955335,
    0.4977632746483253,
    0.5280717553452212,
    0.49347854219433007,
    0.5077439048092436,
    0.454464442923871,
    0.4853127114094185,
    0.5268019365461302,
    0.9360969528836274,
    0.5701400754674418,
    0.5867531946905029,
    0.6093886540620588,
    0.6292627881328092,
    0.49605432514307235,
    0.5893047188795978,
    0.6009856298089569,
    0.5943253813442985,
    0.5378092956575878,
    0.6072432558089181,
    0.6526362332056473,
    0.623439437606766,
    0.5484350543349417,
    0.7913442786174039,
    0.5690818449170015,
    0.6689107165867216,
    0.8001481045007844,
    0.6833287203472327,
    0.7805663571254207,
    0.6861869062833228
  ],
  "val_acc": [
    71.39423076923077,
    71.39423076923077,
    77.88461538461539,
    44.71153846153846,
    66.34615384615384,
    82.21153846153847,
    82.45192307692308,
    82.21153846153847,
    83.65384615384616,
    81.25,
    86.77884615384616,
    85.33653846153847,
    80.28846153846153,
    86.77884615384616,
    87.01923076923077,
    85.33653846153847,
    87.5,
    83.41346153846153,
    88.9423076923077,
    87.5,
    81.00961538461539,
    88.22115384615384,
    89.1826923076923,
    88.9423076923077,
    88.70192307692308,
    89.1826923076923,
    87.5,
    89.66346153846153,
    89.66346153846153,
    86.0576923076923,
    89.90384615384616,
    88.22115384615384,
    89.42307692307692,
    90.14423076923077,
    86.77884615384616,
    89.42307692307692,
    89.66346153846153,
    89.66346153846153,
    85.57692307692308,
    88.9423076923077,
    90.14423076923077,
    85.33653846153847,
    89.42307692307692,
    89.1826923076923,
    89.90384615384616,
    89.66346153846153,
    88.9423076923077,
    88.9423076923077,
    90.14423076923077,
    90.14423076923077,
    90.14423076923077,
    89.42307692307692,
    88.9423076923077,
    90.14423076923077,
    89.42307692307692,
    88.46153846153847,
    89.66346153846153,
    89.66346153846153,
    89.90384615384616
  ],
  "val_balanced_acc": [
    50.0,
    50.0,
    61.34453781512605,
    61.027643380584564,
    70.63916475681182,
    72.68483150836092,
    74.86772486772486,
    76.46209999151175,
    73.69493251846193,
    81.32869309339897,
    79.66075319016494,
    75.88065529242,
    82.16619981325863,
    82.93438587556234,
    83.35455394278924,
    84.94609965198201,
    83.43943638061285,
    71.76385705797472,
    83.94590159296041,
    82.68398268398269,
    82.67125031830915,
    81.17448999801941,
    87.38788444670797,
    84.95317318846732,
    83.52573352573353,
    84.86970545794075,
    79.66216789746201,
    84.95458789576436,
    85.71004159239453,
    76.88934159522395,
    86.63384545737487,
    86.46266587443058,
    85.54169142404436,
    86.04674192909488,
    85.95620066208302,
    86.54896301955127,
    86.21367739014798,
    85.71004159239453,
    75.79718756189344,
    85.45680898622075,
    86.55037772684831,
    84.19064595535184,
    83.52714823303057,
    85.87697705344763,
    85.62657386186798,
    85.45822369351781,
    85.20499108734403,
    86.21226268285092,
    84.78765243471126,
    85.2912882324647,
    85.79492403021814,
    86.29714512067453,
    81.93135840194662,
    86.80219562572505,
    84.7862377274142,
    81.09102226749285,
    83.94731630025748,
    83.19186260362731,
    84.87112016523781
  ],