{
  "n_folds": 5,
  "seeds": [
    42,
    123,
    456
  ],
  "adni_accuracy": 81.36034376918356,
  "adni_accuracy_std": 3.468507392667709,
  "adni_balanced_accuracy": 81.27639871738171,
  "adni_balanced_accuracy_std": 3.5310188268480056,
  "adni_sensitivity": 82.6732456140351,
  "adni_sensitivity_std": 4.959518430346018,
  "adni_specificity": 79.87955182072828,
  "adni_specificity_std": 6.406425966806105,
  "adni_auc": 0.8964683328009567,
  "adni_auc_std": 0.023603837689467833,
  "external": {
    "oasis": {
      "accuracy": 56.543689320388346,
      "accuracy_std": 9.185761990241629,
      "balanced_accuracy": 58.73415194169911,
      "balanced_accuracy_std": 4.125910548339932,
      "sensitivity": 63.7037037037037,
      "sensitivity_std": 13.69650153046446,
      "specificity": 53.76460017969451,
      "specificity_std": 17.185758402638413,
      "auc": 0.6436241202455825,
      "auc_std": 0.049258923404001766
    },
    "nacc": {
      "accuracy": 38.50596966763472,
      "accuracy_std": 13.877833537045245,
      "balanced_accuracy": 63.677417600081625,
      "balanced_accuracy_std": 7.076853428172586,
      "sensitivity": 98.00362976406535,
      "sensitivity_std": 2.319116128992832,
      "specificity": 29.351205436097928,
      "specificity_std": 16.35390711244732,
      "auc": 0.8871003158600891,
      "auc_std": 0.04998321378142981
    }
  },
  "per_fold_results": [
    {
      "seed": 42,
      "fold": 0,
      "val_accuracy": 90.27777777777777,
      "adni_accuracy": 82.87292817679558,
      "adni_balanced_accuracy": 82.64093137254902,
      "adni_sensitivity": 86.45833333333333,
      "adni_specificity": 78.82352941176471,
      "adni_auc": 0.9145833333333333,
      "oasis_accuracy": 51.74757281553398,
      "oasis_balanced_accuracy": 57.48025232105421,
      "oasis_sensitivity": 70.48611111111111,
      "oasis_specificity": 44.474393530997304,
      "oasis_auc": 0.6895145440251572,
      "nacc_accuracy": 35.86640851887706,
      "nacc_balanced_accuracy": 62.15456551034878,
      "nacc_sensitivity": 98.00362976406534,
      "nacc_specificity": 26.305501256632226,
      "nacc_auc": 0.8565987255787884
    },
    {
      "seed": 42,
      "fold": 1,
      "val_accuracy": 84.72222222222223,
      "adni_accuracy": 80.11049723756906,
      "adni_balanced_accuracy": 79.96936274509804,
      "adni_sensitivity": 82.29166666666667,
      "adni_specificity": 77.6470588235294,
      "adni_auc": 0.90625,
      "oasis_accuracy": 49.029126213592235,
      "oasis_balanced_accuracy": 55.06233153638814,
      "oasis_sensitivity": 68.75,
      "oasis_specificity": 41.37466307277628,
      "oasis_auc": 0.5943536612758311,
      "nacc_accuracy": 28.581800580832528,
      "nacc_balanced_accuracy": 58.48929949405285,
      "nacc_sensitivity": 99.27404718693285,
      "nacc_specificity": 17.704551801172858,
      "nacc_auc": 0.9243499291228003
    },
    {
      "seed": 42,
      "fold": 2,
      "val_accuracy": 83.33333333333333,
      "adni_accuracy": 74.58563535911603,
      "adni_balanced_accuracy": 74.15441176470588,
      "adni_sensitivity": 81.25,
      "adni_specificity": 67.05882352941177,
      "adni_auc": 0.8590686274509803,
      "oasis_accuracy": 54.56310679611651,
      "oasis_balanced_accuracy": 61.3464922132375,
      "oasis_sensitivity": 76.73611111111111,
      "oasis_specificity": 45.95687331536388,
      "oasis_auc": 0.6691561844863732,
      "nacc_accuracy": 28.63020329138432,
      "nacc_balanced_accuracy": 58.59400617597109,
      "nacc_sensitivity": 99.45553539019964,
      "nacc_specificity": 17.73247696174253,
      "nacc_auc": 0.9151799855154067
    },
    {
      "seed": 42,
      "fold": 3,
      "val_accuracy": 86.11111111111111,
      "adni_accuracy": 83.33333333333333,
      "adni_balanced_accuracy": 83.52941176470588,
      "adni_sensitivity": 80.0,
      "adni_specificity": 87.05882352941177,
      "adni_auc": 0.9079876160990712,
      "oasis_accuracy": 60.0,
      "oasis_balanced_accuracy": 58.427860137765805,
      "oasis_sensitivity": 54.861111111111114,
      "oasis_specificity": 61.99460916442049,
      "oasis_auc": 0.6096019579215334,
      "nacc_accuracy": 41.84414327202323,
      "nacc_balanced_accuracy": 65.91044892609766,
      "nacc_sensitivity": 98.72958257713249,
      "nacc_specificity": 33.09131527506283,
      "nacc_auc": 0.8761334143551542
    },
    {
      "seed": 42,
      "fold": 4,
      "val_accuracy": 73.61111111111111,
      "adni_accuracy": 86.66666666666667,
      "adni_balanced_accuracy": 86.9047619047619,
      "adni_sensitivity": 83.33333333333333,
      "adni_specificity": 90.47619047619048,
      "adni_auc": 0.925843253968254,
      "oasis_accuracy": 58.25242718446602,
      "oasis_balanced_accuracy": 56.258891135070385,
      "oasis_sensitivity": 51.736111111111114,
      "oasis_specificity": 60.78167115902965,
      "oasis_auc": 0.5993701332734351,
      "nacc_accuracy": 46.44240077444337,
      "nacc_balanced_accuracy": 67.94908700942815,
      "nacc_sensitivity": 97.27767695099818,
      "nacc_specificity": 38.62049706785814,
      "nacc_auc": 0.9144210394545523
    },
    {
      "seed": 123,
      "fold": 0,
      "val_accuracy": 88.88888888888889,
      "adni_accuracy": 82.87292817679558,
      "adni_balanced_accuracy": 82.5735294117647,
      "adni_sensitivity": 87.5,
      "adni_specificity": 77.6470588235294,
      "adni_auc": 0.9128676470588236,
      "oasis_accuracy": 42.42718446601942,
      "oasis_balanced_accuracy": 53.241988619347104,
      "oasis_sensitivity": 77.77777777777777,
      "oasis_specificity": 28.70619946091644,
      "oasis_auc": 0.5676100628930818,
      "nacc_accuracy": 26.016456921587608,
      "nacc_balanced_accuracy": 57.08604750520873,
      "nacc_sensitivity": 99.45553539019964,
      "nacc_specificity": 14.716559620217817,
      "nacc_auc": 0.7678344722169992
    },
    {
      "seed": 123,
      "fold": 1,
      "val_accuracy": 83.33333333333333,
      "adni_accuracy": 79.55801104972376,
      "adni_balanced_accuracy": 80.05514705882354,
      "adni_sensitivity": 71.875,
      "adni_specificity": 88.23529411764706,
      "adni_auc": 0.8824754901960784,
      "oasis_accuracy": 65.63106796116504,
      "oasis_balanced_accuracy": 65.52298592392933,
      "oasis_sensitivity": 65.27777777777777,
      "oasis_specificity": 65.76819407008087,
      "oasis_auc": 0.7158159254267744,
      "nacc_accuracy": 48.499515972894486,
      "nacc_balanced_accuracy": 69.21268785498783,
      "nacc_sensitivity": 97.45916515426497,
      "nacc_specificity": 40.966210555710695,
      "nacc_auc": 0.9189592581536654
    },
    {
      "seed": 123,
      "fold": 2,
      "val_accuracy": 91.66666666666667,
      "adni_accuracy": 85.0828729281768,
      "adni_balanced_accuracy": 85.06127450980392,
      "adni_sensitivity": 85.41666666666667,
      "adni_specificity": 84.70588235294117,
      "adni_auc": 0.9139705882352942,
      "oasis_accuracy": 65.33980582524272,
      "oasis_balanced_accuracy": 63.51499326145552,
      "oasis_sensitivity": 59.375,
      "oasis_specificity": 67.65498652291105,
      "oasis_auc": 0.650826407607068,
      "nacc_accuracy": 33.61568247821878,
      "nacc_balanced_accuracy": 61.08639010790464,
      "nacc_sensitivity": 98.5480943738657,
      "nacc_specificity": 23.62468584194359,
      "nacc_auc": 0.7892757754046741
    },
    {
      "seed": 123,
      "fold": 3,
      "val_accuracy": 84.72222222222223,
      "adni_accuracy": 80.0,
      "adni_balanced_accuracy": 79.75232198142416,
      "adni_sensitivity": 84.21052631578948,
      "adni_specificity": 75.29411764705883,
      "adni_auc": 0.8663777089783282,
      "oasis_accuracy": 56.116504854368934,
      "oasis_balanced_accuracy": 56.47602201257861,
      "oasis_sensitivity": 57.291666666666664,
      "oasis_specificity": 55.660377358490564,
      "oasis_auc": 0.6319397648996706,
      "nacc_accuracy": 35.33397870280736,
      "nacc_balanced_accuracy": 62.00095178677949,