{"seed_123/fold_3/cn_ad_acc":85.17872711421099,"seed_456/fold_0/cn_ad_sensitivity":66.33165829145729,"seed_42/fold_1/test_acc":81.03874690849135,"cn_ad_auc_mean":0.8041695434330588,"seed_42/fold_4/cn_ad_acc":85.6140350877193,"traj_specificity_mean":90.7804632762095,"seed_123/fold_0/test_acc":84.25391591096455,"fold_0/val_loss":1.5884061740320465,"seed_42/fold_2/cn_ad_sensitivity":56.28140703517588,"seed_456/fold_4/test_specificity":92.83456269757639,"_step":833,"seed_42/fold_1/test_specificity":92.10526315789474,"seed_42/fold_3/cn_ad_specificity":83.66701791359326,"cn_ad_sensitivity_mean":52.36432781797712,"seed_123/fold_3/test_balanced_acc":70.29229332311525,"seed_42/fold_2/cn_ad_auc":0.8157409809850095,"seed_42/fold_2/cn_ad_specificity":91.46469968387777,"fold_1/val_loss":1.370434383914898,"seed_456/fold_1/test_auc":0.8106283770262157,"cn_ad_auc_std":0.012315818371550978,"traj_accuracy_std":0.6977558973728762,"fold_4/train_acc":94.18365010304557,"fold_2/val_sensitivity":54.166666666666664,"seed_42/fold_2/cn_ad_balanced_acc":73.87305335952684,"fold_3/train_loss":0.2619205877445683,"seed_456/fold_0/test_auc":0.8287152291374825,"seed_42/fold_1/test_auc":0.7588633179907944,"seed_123/fold_3/cn_ad_sensitivity":42.92929292929293,"cn_ad_balanced_accuracy_mean":71.57239554709331,"seed_123/fold_2/cn_ad_sensitivity":53.43915343915344,"fold_0/val_acc":78.35051546391753,"seed_42/fold_3/cn_ad_sensitivity":62.10526315789474,"seed_123/fold_1/test_specificity":90.31578947368422,"seed_456/fold_0/cn_ad_specificity":82.42105263157895,"seed_456/fold_3/cn_ad_specificity":92.41306638566913,"seed_456/fold_2/cn_ad_specificity":91.04320337197049,"seed_123/fold_2/test_acc":82.35779060181369,"seed_456/fold_2/test_acc":83.75927452596868,"cn_ad_specificity_mean":90.7804632762095,"seed_42/fold_0/cn_ad_acc":83.6283185840708,"seed_123/fold_4/test_auc":0.8738444774403678,"traj_auc_std":0.010877637810277547,"seed_123/fold_4/cn_ad_auc":0.8499751039266319,"fold_4/val_acc":84.3298969072165,"fold_0/lr":3.4239647665959097e-06,"seed_123/fold_0/test_auc":0.8326015609365619,"seed_123/fold_4/test_sensitivity":63.63636363636363,"seed_456/fold_4/test_balanced_acc":74.82637225787911,"traj_sensitivity_mean":56.24505511387641,"seed_123/fold_3/test_acc":83.67683429513603,"seed_123/fold_1/cn_ad_acc":84.24717145343777,"cn_ad_sensitivity_std":0.961280644855325,"fold_3/val_acc":83.50515463917526,"seed_456/fold_2/test_sensitivity":57.57575757575758,"seed_42/fold_4/cn_ad_specificity":93.4668071654373,"seed_456/fold_4/test_acc":84.99587798845836,"seed_123/fold_1/cn_ad_auc":0.8138957947632901,"traj_auc_mean":0.8255302370350481,"fold_3/val_balanced_acc":71.15808119494447,"seed_42/fold_4/test_sensitivity":50.75757575757576,"seed_123/fold_2/test_balanced_acc":73.68721461187215,"seed_42/fold_2/test_specificity":91.46469968387777,"seed_42/fold_0/test_specificity":88.8421052631579,"seed_42/fold_2/test_acc":84.83099752679307,"seed_456/fold_4/cn_ad_acc":85.85152838427948,"seed_42/fold_3/test_specificity":83.66701791359326,"seed_42/fold_3/test_acc":79.8845836768343,"seed_123/fold_2/cn_ad_balanced_acc":71.2401246647822,"seed_42/fold_1/cn_ad_specificity":92.10526315789474,"fold_0/val_balanced_acc":73.52146576284507,"traj_balanced_accuracy_std":0.8804858825743589,"fold_2/lr":6.459848338346869e-06,"seed_456/fold_4/test_sensitivity":56.81818181818182,"seed_456/fold_4/cn_ad_auc":0.776042450699985,"seed_123/fold_1/test_balanced_acc":74.81568941364819,"seed_123/fold_3/test_auc":0.8255460293131527,"seed_42/fold_4/test_balanced_acc":72.11219146150654,"fold_2/val_auc":0.8378320479862896,"seed_456/fold_4/cn_ad_sensitivity":52.04081632653062,"seed_42/fold_4/cn_ad_sensitivity":46.596858638743456,"seed_42/fold_1/cn_ad_auc":0.7364400952129067,"seed_123/fold_0/cn_ad_acc":84.92550394390885,"traj_balanced_accuracy_mean":73.51275919504296,"fold_0/epoch":62,"seed_456/fold_1/test_acc":83.34707337180544,"seed_456/fold_4/cn_ad_specificity":92.83456269757639,"seed_123/fold_1/cn_ad_balanced_acc":72.79608569161597,"seed_42/fold_2/test_balanced_acc":76.22477408436312,"seed_42/fold_4/cn_ad_balanced_acc":70.03183290209039,"fold_0/train_loss":0.4042676151037555,"seed_42/fold_1/cn_ad_sensitivity":38.19095477386934,"seed_123/fold_1/test_sensitivity":59.31558935361216,"_wandb":{"runtime":208119},"seed_123/fold_4/test_balanced_acc":78.65695947887728,"fold_4/val_balanced_acc":74.86995791365206,"seed_456/fold_1/test_balanced_acc":66.6838102861717,"seed_456/fold_0/test_acc":79.719703215169,"fold_1/train_loss":0.28825742010021815,"fold_1/val_balanced_acc":70.45431105610561,"seed_42/fold_0/cn_ad_auc":0.8069356725146198,"fold_4/train_loss":0.4202712692281688,"seed_456/fold_1/test_specificity":96.10526315789474,"fold_3/val_loss":1.5556991654478154,"fold_1/val_acc":85.56701030927834,"cn_ad_accuracy_mean":84.31849023405374,"seed_456/fold_2/test_balanced_acc":74.30948047386403,"seed_456/fold_1/cn_ad_sensitivity":32.8125,"seed_456/fold_0/cn_ad_auc":0.806857974080931,"fold_4/epoch":67,"seed_123/fold_4/cn_ad_acc":88.06366047745358,"seed_42/fold_3/cn_ad_auc":0.8076645776717875,"seed_42/fold_4/cn_ad_auc":0.7761876651642126,"seed_123/fold_3/cn_ad_balanced_acc":68.46148524230715,"seed_123/fold_0/cn_ad_specificity":90.31578947368422,"_runtime":208119,"seed_123/fold_0/test_balanced_acc":76.33660196117671,"seed_123/fold_0/test_sensitivity":62.3574144486692,"seed_123/fold_3/cn_ad_auc":0.810917393109174,"seed_456/fold_0/test_sensitivity":69.96197718631178,"seed_456/fold_3/test_specificity":92.41306638566913,"seed_123/fold_4/cn_ad_specificity":93.67755532139094,"fold_1/val_auc":0.8242316419141915,"seed_42/fold_0/cn_ad_specificity":88.8421052631579,"seed_123/fold_2/test_specificity":89.04109589041096,"seed_456/fold_2/cn_ad_auc":0.8289727999639362,"fold_4/val_auc":0.8259564004350499,"seed_456/fold_3/cn_ad_acc":85.89065255731923,"traj_sensitivity_std":1.3552079453484682,"seed_456/fold_1/cn_ad_auc":0.7961321271929824,"seed_456/fold_4/test_auc":0.8069359293674361,"fold_2/val_loss":0.9868119764580092,"seed_456/fold_0/test_balanced_acc":76.19151490894536,"traj_accuracy_mean":83.27562517175049,"fold_2/val_acc":85.56701030927834,"fold_3/val_sensitivity":48.214285714285715,"seed_123/fold_2/cn_ad_auc":0.8074274786603552,"seed_42/fold_4/test_acc":84.1714756801319,"seed_123/fold_1/test_acc":83.59439406430339,"seed_123/fold_0/cn_ad_sensitivity":58.1151832460733,"seed_456/fold_1/cn_ad_acc":85.46409807355516,"fold_1/lr":5.12839294537451e-06,"seed_456/fold_1/cn_ad_specificity":96.10526315789474,"seed_42/fold_0/cn_ad_sensitivity":56.111111111111114,"fold_3/train_acc":96.702541790703,"fold_4/lr":2.795134837226392e-06,"fold_1/val_sensitivity":44.554455445544555,"seed_123/fold_4/cn_ad_sensitivity":58.791208791208796,"seed_123/fold_3/test_specificity":93.99367755532138,"seed_456/fold_3/cn_ad_balanced_acc":72.42274940905078,"cn_ad_accuracy_std":0.661718646341295,"fold_1/epoch":50,"fold_2/val_specificity":93.31619537275064,"seed_42/fold_0/cn_ad_balanced_acc":72.4766081871345,"cn_ad_specificity_std":0.6497167723173654,"seed_42/fold_0/test_acc":82.68755152514427,"seed_456/fold_4/cn_ad_balanced_acc":72.43768951205351,"seed_123/fold_4/cn_ad_balanced_acc":76.23438205629986,"cn_ad_balanced_accuracy_std":0.7341860954603369,"seed_42/fold_4/test_auc":0.805161733243925,"seed_42/fold_1/cn_ad_acc":82.76762402088772,"seed_123/fold_2/cn_ad_acc":83.12829525483303,"fold_0/val_auc":0.8163375577168681,"seed_42/fold_1/test_sensitivity":41.06463878326996,"fold_2/epoch":41,"seed_456/fold_1/test_sensitivity":37.26235741444867,"fold_2/train_acc":87.54293565376689,"fold_0/val_sensitivity":64.81481481481481,"seed_42/fold_2/test_auc":0.8392606252195294,"fold_3/lr":3.8296123798680096e-06,"_timestamp":1.7687850682620757e+09,"seed_123/fold_2/test_sensitivity":58.333333333333336,"fold_2/val_balanced_acc":73.74143101970864,"seed_456/fold_3/test_acc":83.67683429513603,"seed_42/fold_3/test_balanced_acc":74.97744835073603,"seed_456/fold_3/test_sensitivity":52.27272727272727,