{
  "accuracy": 0.7333333333333333,
  "balanced_accuracy": 0.6800729776339532,
  "confusion_matrix": [
    [
      94,
      16,
      0
    ],
    [
      31,
      86,
      6
    ],
    [
      1,
      18,
      18
    ]
  ],
  "classification_report": {
    "CN": {
      "precision": 0.746031746031746,
      "recall": 0.8545454545454545,
      "f1-score": 0.7966101694915254,
      "support": 110.0
    },
    "MCI": {
      "precision": 0.7166666666666667,
      "recall": 0.6991869918699187,
      "f1-score": 0.7078189300411523,
      "support": 123.0
    },
    "AD": {
      "precision": 0.75,
      "recall": 0.4864864864864865,
      "f1-score": 0.5901639344262295,
      "support": 37.0
    },
    "accuracy": 0.7333333333333333,
    "macro avg": {
      "precision": 0.7375661375661376,
      "recall": 0.6800729776339532,
      "f1-score": 0.6981976779863025,
      "support": 270.0
    },
    "weighted avg": {
      "precision": 0.7331981187536744,
      "recall": 0.7333333333333333,
      "f1-score": 0.7278700467144446,
      "support": 270.0
    }
  },
  "auc_roc_macro": 0.8798803341213074
}