{
  "train_loss": [
    0.6134984100291911,
    0.5371972829679292,
    0.5268549630795865,
    0.5133759738099705,
    0.48428832527520405,
    0.4971388842911406,
    0.46495326009313914,
    0.452158071276048,
    0.4434846485195801,
    0.4130594457186316,
    0.4234422617127792,
    0.42657497798555255,
    0.4382243794052222,
    0.4203494112271202,
    0.41901967306995525,
    0.40298955342845383,
    0.4087317469224231,
    0.3854124625248281,
    0.3984252408843156,
    0.38337667899403344,
    0.41461458224433995,
    0.39678130420211233,
    0.3857628821552405,
    0.3866326731280095,
    0.366217553090165,
    0.3583980160237037,
    0.3709805634409536,
    0.37313792031625037,
    0.36963865273961494,
    0.38518045793471406,
    0.3677841986549252,
    0.3607012656581706,
    0.3689332894306966,
    0.36370259108810266,
    0.3511136311975823,
    0.3411676114018734,
    0.3414028965875791,
    0.3625901625328741,
    0.35329652595121497,
    0.3275720916117228,
    0.32519411581945207,
    0.342058164303387,
    0.3398127284518411,
    0.3345937067881454,
    0.3403272654220269,
    0.3245862766708598,
    0.33276316988502774,
    0.3425884061707192,
    0.33327301253808816,
    0.2989981496133251,
    0.3259969049214939,
    0.3086642525533867,
    0.307852850217337,
    0.3371006918236613,
    0.32025705066705096,
    0.30815586900267977,
    0.3055450259512631,
    0.3104294187369331,
    0.2993820467041016,
    0.30585701596990594,
    0.3102757346163692,
    0.3274989218788369,
    0.3133611707263564,
    0.2997699251567718,
    0.2933451076025687,
    0.2862585799515081,
    0.2988592165494339,
    0.29473807588054646,
    0.28035738738495103,
    0.3025379172911233,
    0.26728353777872194,
    0.2762219399589055,
    0.28927928039138606,
    0.27839468379787813,
    0.2793115108864894,
    0.2798907210404799,
    0.28892671543358345
  ],
  "train_acc": [
    78.2516493873704,
    78.27521206409048,
    78.27521206409048,
    78.46371347785109,
    81.38548539114043,
    82.91705937794534,
    84.23656927426956,
    85.74458058435438,
    86.02733270499529,
    86.5928369462771,
    87.46465598491989,
    87.51178133836004,
    88.00659754948163,
    87.70028275212064,
    88.19509896324223,
    88.54853911404335,
    88.76060320452403,
    89.2789820923657,
    89.39679547596607,
    89.25541941564562,
    89.09048067860509,
    89.34967012252592,
    89.7502356267672,
    89.67954759660698,
    90.24505183788878,
    90.00942507068802,
    90.48067860508954,
    90.31573986804901,
    90.33930254476908,
    90.2214891611687,
    90.43355325164939,
    90.66918001885014,
    90.57492931196984,
    90.85768143261075,
    90.9990574929312,
    91.1875589066918,
    91.4703110273327,
    90.64561734213007,
    90.9048067860509,
    92.01225259189444,
    91.82375117813383,
    91.84731385485391,
    91.80018850141376,
    91.63524976437323,
    91.63524976437323,
    91.94156456173421,
    91.82375117813383,
    91.82375117813383,
    91.91800188501414,
    92.2478793590952,
    92.05937794533459,
    92.48350612629595,
    92.50706880301603,
    91.77662582469368,
    92.27144203581527,
    92.76625824693686,
    92.86050895381716,
    92.48350612629595,
    92.88407163053724,
    92.95475966069746,
    92.81338360037701,
    92.4363807728558,
    92.60131950989633,
    92.97832233741752,
    92.86050895381716,
    92.95475966069746,
    93.02544769085767,
    93.26107445805843,
    93.44957587181904,
    93.2846371347785,
    93.85014137606032,
    93.66163996229972,
    93.40245051837888,
    93.99151743638078,
    93.82657869934025,
    93.54382657869934,
    93.11969839773798
  ],
  "val_loss": [
    0.5712428827557647,
    0.5399590628058241,
    0.48436052254156065,
    0.39764308452344777,
    0.5379952390743583,
    0.6246624129636442,
    0.4178386241638739,
    0.3491726649665731,
    0.32859011490118545,
    0.3295535160874,
    0.3855460858824683,
    0.3438538593792034,
    0.36660171914391276,
    0.32232643936948624,
    0.3132799493721809,
    0.2869270533586754,
    0.35376770427836546,
    0.39314292767723374,
    0.39981477194222653,
    0.3256794784332701,
    0.40671823588899425,
    0.41491456400852483,
    0.5126444624551559,
    0.37851649237512774,
    0.3514716685209638,
    0.43850706712640986,
    0.31851807541751076,
    0.43752308239798593,
    0.4257009451629161,
    0.3729523641576586,
    0.46602874428591395,
    0.3741030899291856,
    0.44973034466506523,
    0.49825708929921875,
    0.3655200861499077,
    0.4446379678777527,
    0.42219104166443894,
    0.36127838053793665,
    0.39157570037978556,
    0.3940031872405183,
    0.3955812012779158,
    0.3882993355063056,
    0.4632453188945906,
    0.47926544530581167,
    0.44484248843135693,
    0.41300014346250047,
    0.4320428761053144,
    0.4604016452326425,
    0.4227614830542734,
    0.4160172270217676,
    0.4149371404029105,
    0.41088928046775164,
    0.4039118112829001,
    0.362628938660093,
    0.4916855595985844,
    0.4204314232980291,
    0.414893652229167,
    0.36826129682237496,
    0.44064319213395176,
    0.4319382746607038,
    0.42775977974062634,
    0.4371001833908195,
    0.4268319134485194,
    0.40940709471371456,
    0.44320973492766935,
    0.46073214940304497,
    0.4561229959028041,
    0.5214686521610514,
    0.4502063190382678,
    0.4703372221405867,
    0.45267637775070496,
    0.43784787864371955,
    0.4577040978314025,
    0.4580944656906484,
    0.4489761999690305,
    0.436673233815319,
    0.4059263753677027
  ],
  "val_acc": [
    78.24175824175825,
    78.24175824175825,
    78.24175824175825,
    83.84615384615384,
    72.41758241758242,
    74.3956043956044,
    85.71428571428571,
    90.0,
    89.23076923076923,
    90.32967032967034,
    90.32967032967034,
    90.98901098901099,
    90.54945054945055,
    90.76923076923077,
    90.98901098901099,
    91.97802197802197,
    91.20879120879121,
    91.0989010989011,
    90.43956043956044,
    91.31868131868131,
    90.32967032967034,
    90.76923076923077,
    89.67032967032966,
    90.43956043956044,
    91.64835164835165,
    90.98901098901099,
    91.75824175824175,
    90.54945054945055,
    91.53846153846153,
    91.42857142857143,
    90.10989010989012,
    91.75824175824175,
    90.0,
    89.45054945054945,
    91.42857142857143,
    90.43956043956044,
    91.64835164835165,
    90.76923076923077,
    90.87912087912088,
    92.08791208791209,
    91.53846153846153,
    91.86813186813187,
    90.98901098901099,
    89.78021978021978,
    91.64835164835165,
    91.53846153846153,
    91.42857142857143,
    90.87912087912088,
    91.97802197802197,
    92.08791208791209,
    91.75824175824175,
    92.1978021978022,
    91.42857142857143,
    91.75824175824175,
    90.87912087912088,
    91.64835164835165,
    91.97802197802197,
    92.08791208791209,
    91.97802197802197,
    91.75824175824175,
    91.75824175824175,
    91.31868131868131,
    91.75824175824175,
    91.75824175824175,
    91.75824175824175,
    91.53846153846153,
    91.53846153846153,
    90.54945054945055,
    91.53846153846153,
    91.53846153846153,
    91.53846153846153,
    91.31868131868131,
    91.64835164835165,
    90.98901098901099,
    91.31868131868131,
    91.20879120879121,
    91.20879120879121
  ],