{"test/seed_42_fold_3_adni_specificity":87.05882352941177,"test/seed_123_fold_0_oasis_auc":0.5676100628930818,"test/seed_123_fold_2_nacc_sensitivity":98.5480943738657,"final/adni_accuracy_mean":81.36034376918356,"test/seed_456_fold_1_adni_accuracy":75.69060773480663,"final/oasis_auc_std":0.049258923404001766,"test/seed_456_fold_2_adni_specificity":81.17647058823529,"test/seed_42_fold_4_adni_auc":0.925843253968254,"test/seed_123_fold_3_nacc_sensitivity":98.36660617059891,"test/seed_123_fold_2_adni_balanced_accuracy":85.06127450980392,"final/adni_balanced_accuracy_std":3.5310188268480056,"test/seed_456_fold_3_oasis_sensitivity":69.44444444444444,"test/seed_456_fold_2_oasis_balanced_accuracy":57.35952006588799,"final/adni_auc_mean":0.8964683328009567,"final/oasis_balanced_accuracy_std":4.125910548339932,"test/seed_456_fold_1_adni_auc":0.8743872549019608,"test/seed_123_fold_0_nacc_balanced_accuracy":57.08604750520873,"test/seed_456_fold_4_nacc_accuracy":46.44240077444337,"test/seed_123_fold_1_adni_auc":0.8824754901960784,"test/seed_456_fold_4_adni_sensitivity":83.33333333333333,"test/seed_42_fold_3_nacc_accuracy":41.84414327202323,"test/seed_123_fold_2_oasis_balanced_accuracy":63.51499326145552,"test/seed_456_fold_1_oasis_specificity":29.78436657681941,"test/seed_42_fold_2_nacc_balanced_accuracy":58.59400617597109,"test/seed_456_fold_3_adni_specificity":84.70588235294117,"final/nacc_balanced_accuracy_std":7.076853428172586,"test/seed_42_fold_2_adni_auc":0.8590686274509803,"test/seed_123_fold_4_nacc_accuracy":81.02613746369796,"test/seed_456_fold_1_oasis_auc":0.5989489742437855,"test/seed_456_fold_0_adni_balanced_accuracy":84.00122549019608,"test/seed_456_fold_2_nacc_balanced_accuracy":58.31475457027435,"test/seed_42_fold_1_oasis_specificity":41.37466307277628,"final/adni_specificity_std":6.406425966806105,"final/oasis_specificity_std":17.185758402638413,"test/seed_123_fold_1_nacc_sensitivity":97.45916515426497,"test/seed_42_fold_2_oasis_accuracy":54.56310679611651,"test/seed_456_fold_4_oasis_auc":0.7510973532494759,"test/seed_123_fold_0_adni_specificity":77.6470588235294,"final/nacc_accuracy_std":13.877833537045245,"final/adni_balanced_accuracy_mean":81.27639871738171,"test/seed_42_fold_4_oasis_balanced_accuracy":56.258891135070385,"test/seed_123_fold_0_nacc_sensitivity":99.45553539019964,"test/seed_456_fold_4_adni_specificity":73.80952380952381,"test/seed_123_fold_3_oasis_sensitivity":57.291666666666664,"test/seed_42_fold_2_nacc_auc":0.9151799855154067,"test/seed_456_fold_1_oasis_sensitivity":79.51388888888889,"test/seed_123_fold_1_oasis_balanced_accuracy":65.52298592392933,"final/adni_sensitivity_mean":82.6732456140351,"test/seed_456_fold_3_adni_auc":0.9247678018575851,"final/nacc_sensitivity_std":2.319116128992832,"test/seed_123_fold_0_adni_accuracy":82.87292817679558,"test/seed_123_fold_0_nacc_accuracy":26.016456921587608,"test/seed_123_fold_3_adni_auc":0.8663777089783282,"test/seed_42_fold_0_adni_specificity":78.82352941176471,"test/seed_456_fold_2_adni_accuracy":81.76795580110497,"test/seed_123_fold_3_nacc_accuracy":35.33397870280736,"test/seed_42_fold_0_adni_accuracy":82.87292817679558,"test/seed_42_fold_1_oasis_sensitivity":68.75,"test/seed_123_fold_3_adni_specificity":75.29411764705883,"test/seed_456_fold_4_oasis_sensitivity":56.94444444444444,"test/seed_456_fold_2_adni_auc":0.8893382352941176,"test/seed_456_fold_0_oasis_specificity":30.32345013477089,"test/seed_456_fold_1_nacc_sensitivity":98.5480943738657,"test/seed_456_fold_0_adni_sensitivity":92.70833333333333,"test/seed_123_fold_2_adni_auc":0.9139705882352942,"test/seed_123_fold_4_oasis_specificity":69.6765498652291,"test/seed_456_fold_3_oasis_auc":0.6291460766696616,"test/seed_456_fold_0_nacc_accuracy":27.32333010648596,"test/seed_456_fold_0_adni_accuracy":84.5303867403315,"test/seed_42_fold_2_adni_accuracy":74.58563535911603,"test/seed_123_fold_2_adni_accuracy":85.0828729281768,"test/seed_456_fold_3_nacc_accuracy":34.60793804453049,"test/seed_42_fold_1_nacc_accuracy":28.581800580832528,"test/seed_456_fold_1_adni_balanced_accuracy":75.60049019607843,"test/seed_42_fold_3_oasis_sensitivity":54.861111111111114,"test/seed_456_fold_2_nacc_accuracy":28.14617618586641,"test/seed_456_fold_1_nacc_auc":0.9286496943183195,"test/seed_123_fold_3_oasis_specificity":55.660377358490564,"test/seed_456_fold_1_oasis_accuracy":43.689320388349515,"test/seed_123_fold_1_nacc_auc":0.9189592581536654,"test/seed_42_fold_0_nacc_specificity":26.305501256632226,"final/nacc_specificity_std":16.35390711244732,"test/seed_123_fold_3_oasis_auc":0.6319397648996706,"test/seed_42_fold_1_nacc_balanced_accuracy":58.48929949405285,"final/nacc_auc_std":0.04998321378142981,"test/seed_42_fold_3_adni_accuracy":83.33333333333333,"final/oasis_sensitivity_mean":63.7037037037037,"final/adni_specificity_mean":79.87955182072828,"test/seed_123_fold_4_oasis_auc":0.6321924603174603,"test/seed_456_fold_2_adni_balanced_accuracy":81.73406862745098,"final/adni_auc_std":0.023603837689467833,"test/seed_123_fold_1_oasis_sensitivity":65.27777777777777,"test/seed_123_fold_2_nacc_accuracy":33.61568247821878,"test/seed_42_fold_3_oasis_balanced_accuracy":58.427860137765805,"test/seed_42_fold_2_adni_sensitivity":81.25,"test/seed_456_fold_0_oasis_accuracy":45.728155339805824,"test/seed_42_fold_4_adni_accuracy":86.66666666666667,"test/seed_456_fold_0_oasis_sensitivity":85.41666666666667,"test/seed_456_fold_1_oasis_balanced_accuracy":54.64912773285415,"test/seed_123_fold_4_nacc_specificity":79.64255794470819,"test/seed_42_fold_3_nacc_specificity":33.09131527506283,"test/seed_456_fold_0_nacc_balanced_accuracy":57.68646379789279,"test/seed_123_fold_2_oasis_sensitivity":59.375,"test/seed_42_fold_3_nacc_balanced_accuracy":65.91044892609766,"_timestamp":1.768839181188857e+09,"test/seed_123_fold_0_oasis_accuracy":42.42718446601942,"test/seed_123_fold_1_oasis_auc":0.7158159254267744,"test/seed_42_fold_2_nacc_accuracy":28.63020329138432,"test/seed_42_fold_2_oasis_auc":0.6691561844863732,"test/seed_456_fold_2_oasis_specificity":79.64959568733154,"test/seed_123_fold_3_nacc_balanced_accuracy":62.00095178677949,"test/seed_456_fold_3_oasis_specificity":45.68733153638814,"final/nacc_auc_mean":0.8871003158600891,"test/seed_456_fold_0_nacc_specificity":16.28036861211952,"test/seed_123_fold_1_oasis_specificity":65.76819407008087,"test/seed_456_fold_4_nacc_balanced_accuracy":68.17943157347383,"test/seed_456_fold_4_nacc_sensitivity":97.82214156079854,"test/seed_42_fold_0_oasis_specificity":44.474393530997304,"test/seed_42_fold_3_oasis_specificity":61.99460916442049,"test/seed_456_fold_4_adni_balanced_accuracy":78.57142857142857,"test/seed_123_fold_1_oasis_accuracy":65.63106796116504,"test/seed_42_fold_3_nacc_auc":0.8761334143551542,"test/seed_42_fold_0_nacc_auc":0.8565987255787884,"test/seed_42_fold_0_oasis_accuracy":51.74757281553398,"test/seed_42_fold_0_nacc_sensitivity":98.00362976406534,"final/nacc_sensitivity_mean":98.00362976406535,"test/seed_123_fold_3_oasis_balanced_accuracy":56.47602201257861,"test/seed_42_fold_3_adni_auc":0.9079876160990712,"test/seed_123_fold_0_oasis_balanced_accuracy":53.241988619347104,"test/seed_42_fold_4_oasis_specificity":60.78167115902965,"test/seed_42_fold_4_oasis_accuracy":58.25242718446602,"test/seed_42_fold_1_adni_auc":0.90625,"_step":47,"test/seed_456_fold_4_oasis_balanced_accuracy":67.96009284216831,"test/seed_456_fold_0_oasis_auc":0.6467926400119797,"test/seed_456_fold_1_nacc_accuracy":35.21297192642788,"test/seed_42_fold_4_nacc_sensitivity":97.27767695099818,"test/seed_456_fold_3_adni_sensitivity":85.26315789473684,"test/seed_42_fold_4_nacc_auc":0.9144210394545523,"test/seed_456_fold_1_nacc_balanced_accuracy":62.00792040670386,"test/seed_456_fold_2_oasis_accuracy":67.18446601941747,"test/seed_123_fold_3_adni_balanced_accuracy":79.75232198142416,"test/seed_123_fold_2_nacc_balanced_accuracy":61.08639010790464,"test/seed_123_fold_0_adni_balanced_accuracy":82.5735294117647,"test/seed_123_fold_4_nacc_sensitivity":90.01814882032667,