{
  "accuracy": 0.8997510373443983,
  "balanced_accuracy": 0.8970372743678059,
  "confusion_matrix": [
    [
      3132,
      282
    ],
    [
      322,
      2289
    ]
  ],
  "classification_report": {
    "CN": {
      "precision": 0.9067747539085119,
      "recall": 0.9173989455184535,
      "f1-score": 0.9120559114735003,
      "support": 3414.0
    },
    "AD": {
      "precision": 0.8903150525087514,
      "recall": 0.8766756032171582,
      "f1-score": 0.8834426862215361,
      "support": 2611.0
    },
    "accuracy": 0.8997510373443983,
    "macro avg": {
      "precision": 0.8985449032086317,
      "recall": 0.8970372743678059,
      "f1-score": 0.8977492988475182,
      "support": 6025.0
    },
    "weighted avg": {
      "precision": 0.8996417613185078,
      "recall": 0.8997510373443983,
      "f1-score": 0.8996560556838109,
      "support": 6025.0
    }
  },
  "auc_roc": 0.9634250973249359
}