{"fold_0/val_loss":0.6822219836524653,"test/seed_123_fold_1_traj_balanced_accuracy":83.33060047495194,"test/seed_123_fold_4_traj_auc":0.9456124210621962,"test/seed_42_fold_2_traj_auc":0.949841682686871,"test/seed_456_fold_0_traj_balanced_accuracy":84.12635205738654,"test/seed_123_fold_2_traj_auc":0.9640902408684836,"fold_4/train_loss":0.13375960910824392,"test/seed_456_fold_1_traj_sensitivity":70.8108108108108,"test/seed_42_fold_0_traj_accuracy":92.73204903677758,"fold_2/val_accuracy":93.42105263157895,"final/traj_sensitivity_std":5.371440151772682,"test/seed_123_fold_3_traj_sensitivity":70.8108108108108,"test/seed_123_fold_1_traj_specificity":98.01255230125523,"fold_2/train_accuracy":97.03018500486854,"fold_0/val_balanced_accuracy":90.69135802469135,"fold_1/val_loss":0.7873977276029811,"test/seed_42_fold_0_traj_auc":0.9400152503600779,"fold_1/train_accuracy":97.56572541382668,"test/seed_42_fold_1_traj_auc":0.9239341852312565,"test/seed_123_fold_2_traj_balanced_accuracy":83.9234422707226,"test/seed_42_fold_2_traj_sensitivity":68.64864864864865,"test/seed_123_fold_3_traj_auc":0.9365599909532965,"fold_1/lr":1.0543358358998565e-05,"fold_1/val_auc":0.9456125192012289,"test/seed_123_fold_3_traj_specificity":97.38493723849372,"test/seed_42_fold_3_traj_auc":0.9568189528440575,"fold_2/train_loss":0.25111789151215136,"fold_3/val_balanced_accuracy":81.34383202099738,"test/seed_456_fold_2_traj_sensitivity":69.72972972972973,"test/seed_42_fold_0_traj_balanced_accuracy":86.2885142195487,"final/traj_balanced_accuracy_mean":83.44825790914096,"fold_0/val_accuracy":95.83333333333333,"_timestamp":1.7689692509420123e+09,"test/seed_123_fold_4_traj_accuracy":93.25153374233129,"test/seed_42_fold_1_traj_sensitivity":55.13513513513514,"fold_2/lr":3.311048362323879e-06,"fold_3/epoch":58,"fold_4/val_loss":0.7356752965398069,"test/seed_123_fold_0_traj_specificity":98.32810867293625,"test/seed_123_fold_1_traj_accuracy":93.25153374233129,"fold_4/val_balanced_accuracy":87.61850856091694,"_wandb":{"runtime":197674},"fold_3/val_auc":0.9530708661417324,"fold_1/train_loss":0.2057089328760437,"test/seed_42_fold_2_traj_specificity":96.44351464435147,"test/seed_123_fold_0_traj_balanced_accuracy":80.78567595808974,"_step":881,"test/seed_456_fold_0_traj_specificity":95.82027168234065,"fold_2/val_loss":0.6095005380093744,"test/seed_123_fold_4_traj_balanced_accuracy":85.88035527690701,"test/seed_123_fold_0_traj_accuracy":92.6444833625219,"test/seed_456_fold_1_traj_auc":0.9630385615741264,"fold_4/val_sensitivity":78.37837837837837,"fold_1/epoch":51,"test/seed_456_fold_1_traj_specificity":98.64016736401673,"test/seed_456_fold_2_traj_balanced_accuracy":83.76653850503223,"fold_0/epoch":72,"fold_3/val_sensitivity":64,"fold_0/train_accuracy":98.904576436222,"fold_3/val_specificity":98.68766404199475,"test/seed_456_fold_3_traj_balanced_accuracy":82.34535791021148,"fold_4/val_specificity":96.8586387434555,"fold_2/val_auc":0.9581943602183142,"test/seed_123_fold_1_traj_auc":0.9445437068868031,"fold_1/val_accuracy":92.32456140350877,"test/seed_456_fold_0_traj_sensitivity":72.43243243243244,"test/seed_456_fold_4_traj_balanced_accuracy":86.1415882967607,"test/seed_42_fold_1_traj_balanced_accuracy":76.73074748388555,"final/traj_auc_std":0.010633399400239272,"test/seed_456_fold_3_traj_sensitivity":65.94594594594595,"test/seed_42_fold_0_traj_specificity":95.82027168234065,"fold_4/lr":4.335429806304712e-06,"fold_3/val_accuracy":92.98245614035088,"test/seed_123_fold_2_traj_sensitivity":69.72972972972973,"fold_4/val_accuracy":93.85964912280701,"test/seed_456_fold_3_traj_accuracy":93.42681858019282,"final/traj_sensitivity_mean":69.44751273012143,"test/seed_456_fold_2_traj_accuracy":93.25153374233129,"fold_1/val_balanced_accuracy":85.61827956989248,"final/traj_specificity_std":0.9491428279679204,"fold_2/epoch":75,"fold_2/val_specificity":96.1340206185567,"test/seed_123_fold_3_traj_balanced_accuracy":84.09787402465227,"test/seed_123_fold_0_traj_sensitivity":63.24324324324324,"fold_3/train_accuracy":96.61635832521908,"test/seed_123_fold_1_traj_sensitivity":68.64864864864865,"fold_0/lr":4.069242584533901e-06,"final/traj_auc_mean":0.9480219150959304,"test/seed_42_fold_4_traj_auc":0.9470719185861615,"fold_4/epoch":71,"test/seed_123_fold_4_traj_sensitivity":75,"test/seed_42_fold_4_traj_accuracy":92.37510955302366,"test/seed_42_fold_2_traj_accuracy":91.93689745836986,"test/seed_456_fold_4_traj_specificity":97.28317659352142,"fold_0/val_auc":0.973432098765432,"final/traj_accuracy_mean":92.9139697308769,"_runtime":197674.457373147,"test/seed_42_fold_4_traj_balanced_accuracy":82.06550134023898,"test/seed_456_fold_0_traj_accuracy":92.03152364273205,"fold_4/train_accuracy":98.56377799415775,"fold_0/val_specificity":98.66666666666667,"final/traj_balanced_accuracy_std":2.4284300319142944,"test/seed_456_fold_1_traj_accuracy":94.12795793163892,"fold_3/val_loss":0.8930761175350262,"test/seed_42_fold_0_traj_sensitivity":76.75675675675676,"final/traj_specificity_mean":97.4490030881605,"fold_1/val_specificity":96.23655913978494,"test/seed_42_fold_4_traj_sensitivity":66.84782608695652,"test/seed_42_fold_3_traj_accuracy":93.07624890446976,"test/seed_456_fold_3_traj_auc":0.9524878434920276,"test/seed_123_fold_4_traj_specificity":96.76071055381401,"fold_3/train_loss":0.2841856095683335,"test/seed_42_fold_3_traj_specificity":96.96652719665272,"test/seed_42_fold_2_traj_balanced_accuracy":82.54608164650006,"test/seed_456_fold_4_traj_auc":0.9589353050747353,"test/seed_42_fold_1_traj_specificity":98.32635983263599,"fold_1/val_sensitivity":75,"fold_0/val_sensitivity":82.71604938271605,"test/seed_42_fold_3_traj_balanced_accuracy":84.96975008481284,"test/seed_456_fold_4_traj_accuracy":93.6897458369851,"test/seed_456_fold_4_traj_sensitivity":75,"test/seed_123_fold_0_traj_auc":0.9437487644384196,"fold_2/val_sensitivity":77.94117647058823,"test/seed_456_fold_1_traj_balanced_accuracy":84.72548908741378,"fold_0/train_loss":0.10915230916727033,"fold_4/val_auc":0.9577791141927268,"test/seed_456_fold_2_traj_auc":0.9524652267330092,"fold_2/val_balanced_accuracy":87.03759854457248,"test/seed_456_fold_3_traj_specificity":98.74476987447699,"fold_3/lr":8.25023868339551e-06,"test/seed_456_fold_2_traj_specificity":97.80334728033473,"test/seed_42_fold_1_traj_accuracy":91.32340052585451,"test/seed_42_fold_3_traj_sensitivity":72.97297297297297,"test/seed_42_fold_4_traj_specificity":97.28317659352142,"test/seed_123_fold_3_traj_accuracy":93.07624890446976,"test/seed_123_fold_2_traj_accuracy":93.51446099912357,"test/seed_123_fold_2_traj_specificity":98.11715481171548,"test/seed_456_fold_0_traj_auc":0.9411646756474342,"final/traj_accuracy_std":0.7441724609462419}