{
  "train_loss": [
    0.6838300406932831,
    0.6105271211100949,
    0.5895805594821771,
    0.6477371136968334,
    0.6174354025887119,
    0.6341789574621038,
    0.6258880454632971,
    0.6398718745344215,
    0.7111678944745411,
    0.5745330889398853,
    0.632696627592668,
    0.5851492283244928,
    0.6567002058132655,
    0.607731381803751,
    0.5794597724426744,
    0.6501154209047348,
    0.5696307828572268,
    0.5837779549416154,
    0.568106851566376,
    0.5307815722836595,
    0.5650640870043491,
    0.5317187511601433,
    0.5567046738181186,
    0.6160307946821881,
    0.5502351357174727,
    0.5551462102438867,
    0.5213215101969481,
    0.5320506373886019,
    0.5390604388731945,
    0.5469185553775686,
    0.4719928879290819,
    0.5094965788225333,
    0.5406445915830166,
    0.4460776206878816,
    0.510101196585553,
    0.5124264803850868,
    0.46179175662853394,
    0.44622364864610264,
    0.5269023191672103,
    0.5023333152536199,
    0.42522886753560873,
    0.39445010579155576,
    0.3454891304329471
  ],
  "train_acc": [
    71.66666666666667,
    75.41666666666667,
    74.86111111111111,
    76.11111111111111,
    74.16666666666667,
    77.36111111111111,
    77.91666666666667,
    76.38888888888889,
    77.91666666666667,
    77.5,
    77.22222222222223,
    80.13888888888889,
    76.80555555555556,
    80.83333333333333,
    81.25,
    82.5,
    84.72222222222223,
    84.72222222222223,
    82.08333333333333,
    85.0,
    85.69444444444444,
    85.69444444444444,
    85.41666666666667,
    83.33333333333333,
    84.58333333333333,
    87.08333333333333,
    86.94444444444444,
    87.5,
    87.91666666666667,
    85.97222222222223,
    87.77777777777777,
    87.77777777777777,
    87.63888888888889,
    87.63888888888889,
    89.44444444444444,
    87.22222222222223,
    88.61111111111111,
    90.13888888888889,
    88.47222222222223,
    89.30555555555556,
    91.52777777777777,
    90.83333333333333,
    91.80555555555556
  ],
  "val_loss": [
    0.680499133391258,
    1.3242653868137262,
    2.4612760619672303,
    0.5088905008175434,
    3.249730542958367,
    1.7839893010946422,
    0.54157521461065,
    1.1533477205114486,
    2.9683612814316382,
    9.85362493700291,
    5.267239638733815,
    3.9409053322993155,
    0.47248436405490607,
    8.39487732623636,
    0.955581054998896,
    1.6863372597174766,
    0.5082031003175638,
    2.0397946344767264,
    0.47588863567664075,
    0.7747299693620358,
    0.5495888333863173,
    1.0637556250529507,
    0.869309892376455,
    2.1795082583116128,
    0.7087322876263314,
    0.9620192491043454,
    0.6196012560230417,
    0.5612324003715259,
    0.46522911661901534,
    0.633083623356353,
    0.5827384597848718,
    1.0144975382934671,
    0.6245166984452413,
    0.8285227197592553,
    0.5949282572777846,
    1.1042773494517837,
    0.7470358384725375,
    1.0202733394913734,
    0.8435701324562661,
    0.6315897440639301,
    0.6875108565197875,
    0.7662575905859017,
    0.9581753703439458
  ],
  "val_acc": [
    72.07792207792208,
    27.92207792207792,
    74.02597402597402,
    82.46753246753246,
    74.02597402597402,
    27.92207792207792,
    78.57142857142857,
    74.02597402597402,
    27.92207792207792,
    74.02597402597402,
    72.72727272727273,
    74.02597402597402,
    84.41558441558442,
    74.02597402597402,
    61.03896103896104,
    38.311688311688314,
    86.36363636363636,
    75.32467532467533,
    83.76623376623377,
    68.83116883116882,
    75.32467532467533,
    77.92207792207792,
    81.81818181818181,
    76.62337662337663,
    81.16883116883118,
    67.53246753246754,
    85.06493506493507,
    87.66233766233766,
    80.51948051948052,
    85.71428571428571,
    85.06493506493507,
    84.41558441558442,
    86.36363636363636,
    85.06493506493507,
    85.71428571428571,
    83.11688311688312,
    86.36363636363636,
    72.72727272727273,
    84.41558441558442,
    87.66233766233766,
    87.01298701298701,
    83.76623376623377,
    85.06493506493507
  ],
  "val_balanced_acc": [
    50.0,
    50.0,
    53.48837209302325,
    76.44039388225434,
    53.48837209302325,
    50.0,
    68.75130944898386,
    53.48837209302325,
    50.0,
    53.48837209302325,
    51.162790697674424,
    53.48837209302325,
    76.36706473915777,
    53.48837209302325,
    72.260632725749,
    57.20720720720721,
    84.8418185627488,
    55.81395348837209,
    80.19065577205112,
    78.37837837837837,
    78.60884139953907,
    61.17745652629374,
    70.29122145401216,
    58.139534883720934,
    83.3752357008171,
    77.47747747747749,
    81.80389692017599,
    85.74271946364969,
    84.3494657448146,
    78.69264613450659,
    81.80389692017599,
    73.51770375026189,
    80.56777707940499,
    78.24219568405614,
    84.39136811229835,
    71.90446260213702,
    82.7047978210769,
    77.51937984496125,
    76.36706473915777,
    85.03037921642573,
    85.29226901319925,
    85.17703750261889,
    79.66687617850408
  ],
  "lr": [
    2.08e-05,
    4.06e-05,
    6.04e-05,
    8.02e-05,
    0.0001,
    9.987832431047822e-05,
    9.951389003364144e-05,
    9.89084726566536e-05,
    9.806502171211903e-05,
    9.698764640825613e-05,
    9.568159560924791e-05,
    9.41532322633034e-05,
    9.241000240301346e-05,
    9.046039886902861e-05,
    8.831391993379293e-05,
    8.598102302691561e-05,
    8.347307378762495e-05,
    8.080229069251661e-05,
    7.798168552836378e-05,
    7.502499999999998e-05,
    7.19466387821144e-05,
    6.876159934112479e-05,
    6.548539886902861e-05,
    6.213399868520339e-05,
    5.872372647446317e-05,
    5.527119674021928e-05,
    5.1793229860289924e-05,
    4.830677013971008e-05,
    4.482880325978071e-05,
    4.137627352553683e-05,
    3.796600131479659e-05,
    3.461460113097138e-05,
    3.1338400658875194e-05,
    2.8153361217885575e-05,
    2.5075000000000006e-05,
    2.2118314471636198e-05,
    1.9297709307483366e-05,
    1.662692621237503e-05,
    1.4118976973084373e-05,
    1.1786080066207054e-05,
    9.63960113097138e-06,
    7.689997596986522e-06,
    5.946767736696607e-06
  ]
}