{
  "traj_accuracy": 84.79120879120879,
  "traj_accuracy_std": 0.4706924074493466,
  "traj_balanced_accuracy": 84.87264971815534,
  "traj_balanced_accuracy_std": 0.2590552346744128,
  "traj_sensitivity": 85.016835016835,
  "traj_sensitivity_std": 1.2407761463089768,
  "traj_specificity": 84.72846441947566,
  "traj_specificity_std": 0.908866921151293,
  "traj_auc": 0.9294508757991905,
  "traj_auc_std": 0.004470719578595978,
  "cn_ad_accuracy": 85.50623052959502,
  "cn_ad_accuracy_std": 0.8188318111090755,
  "cn_ad_balanced_accuracy": 85.05786336172675,
  "cn_ad_balanced_accuracy_std": 0.8180332901903281,
  "cn_ad_sensitivity": 84.39613526570048,
  "cn_ad_sensitivity_std": 1.2652947684742777,
  "cn_ad_specificity": 85.719591457753,
  "cn_ad_specificity_std": 0.9222631414550798,
  "cn_ad_auc": 0.9283698679907957,
  "cn_ad_auc_std": 0.0014199160466580904,
  "per_seed_results": [
    {
      "seed": 42,
      "traj_accuracy_mean": 85.4065934065934,
      "traj_accuracy_std": 2.314902394278606,
      "traj_balanced_accuracy_mean": 84.91346044716832,
      "traj_balanced_accuracy_std": 0.27732572155486207,
      "traj_sensitivity_mean": 84.04040404040403,
      "traj_sensitivity_std": 4.196480419765857,
      "traj_specificity_mean": 85.78651685393258,
      "traj_specificity_std": 4.111499879445389,
      "traj_auc_mean": 0.9340866530473273,
      "traj_auc_std": 0.0012647875032405342,
      "fold_results": null,
      "cn_ad_accuracy_mean": 85.16355140186916,
      "cn_ad_accuracy_std": 2.54769337823065,
      "cn_ad_balanced_accuracy_mean": 84.13164587622623,
      "cn_ad_balanced_accuracy_std": 0.6233012136738759,
      "cn_ad_sensitivity_mean": 82.60869565217392,
      "cn_ad_sensitivity_std": 3.3364824444119825,
      "cn_ad_specificity_mean": 85.65459610027855,
      "cn_ad_specificity_std": 3.63186763521039,
      "cn_ad_auc_mean": 0.927499899075532,
      "cn_ad_auc_std": 0.005062706115485676
    },
    {
      "seed": 123,
      "traj_accuracy_mean": 84.26373626373626,
      "traj_accuracy_std": 2.431925484593065,
      "traj_balanced_accuracy_mean": 85.16754624900693,
      "traj_balanced_accuracy_std": 0.4780912263169907,
      "traj_sensitivity_mean": 86.76767676767676,
      "traj_sensitivity_std": 4.083107662910655,
      "traj_specificity_mean": 83.56741573033707,
      "traj_specificity_std": 4.203170901302056,
      "traj_auc_mean": 0.9308563159686756,
      "traj_auc_std": 0.003216236938391739,
      "fold_results": null,
      "cn_ad_accuracy_mean": 84.7196261682243,
      "cn_ad_accuracy_std": 2.60637098455782,
      "cn_ad_balanced_accuracy_mean": 84.92067336805135,
      "cn_ad_balanced_accuracy_std": 0.8182235879761889,
      "cn_ad_sensitivity_mean": 85.21739130434784,
      "cn_ad_sensitivity_std": 2.9202089390738966,
      "cn_ad_specificity_mean": 84.62395543175487,
      "cn_ad_specificity_std": 3.5992479788775738,
      "cn_ad_auc_mean": 0.927237495458399,
      "cn_ad_auc_std": 0.003982897408757309
    },
    {
      "seed": 456,
      "traj_accuracy_mean": 84.7032967032967,
      "traj_accuracy_std": 0.7782826905330024,
      "traj_balanced_accuracy_mean": 84.53694245829078,
      "traj_balanced_accuracy_std": 0.9280580814615267,
      "traj_sensitivity_mean": 84.24242424242424,
      "traj_sensitivity_std": 1.9534423844256283,
      "traj_specificity_mean": 84.8314606741573,
      "traj_specificity_std": 1.0510273558353755,
      "traj_auc_mean": 0.9234096583815685,
      "traj_auc_std": 0.007573931667109744,
      "fold_results": null,
      "cn_ad_accuracy_mean": 86.63551401869158,
      "cn_ad_accuracy_std": 1.2852591158387907,
      "cn_ad_balanced_accuracy_mean": 86.12127084090267,
      "cn_ad_balanced_accuracy_std": 0.46490354247233845,
      "cn_ad_sensitivity_mean": 85.3623188405797,
      "cn_ad_sensitivity_std": 1.547402645221932,
      "cn_ad_specificity_mean": 86.88022284122562,
      "cn_ad_specificity_std": 1.7779357545663437,
      "cn_ad_auc_mean": 0.9303722094384563,
      "cn_ad_auc_std": 0.002959183885983799
    }
  ]
}