{
  "train_loss": [
    0.08949739363682645,
    0.03349325669056874,
    0.029257441569790314,
    0.02711989834174359,
    0.024709783936433784,
    0.02355766507185132,
    0.022611013708880186,
    0.02144034070131333,
    0.020641389195162112,
    0.02035661551352629,
    0.021234217306617016,
    0.02112082907595144,
    0.02040733127869248,
    0.020674362188796744,
    0.019997521302167722,
    0.019260094055386295,
    0.02081532582520392,
    0.0201194015657222,
    0.02055346817582447,
    0.019361405032550835,
    0.02012240344676708,
    0.019873752766293207,
    0.0179710464573331,
    0.019092744661109527,
    0.01829768246750529,
    0.017723287641058495,
    0.01914674023087957,
    0.018260523957596666,
    0.018937857471158268,
    0.019479853056308012,
    0.017376822842498776,
    0.020153293126183396,
    0.01910911114050539,
    0.019189471261533357,
    0.01924835573188694,
    0.018375950744080983,
    0.017900007647649485,
    0.018540603845735967,
    0.019309273306824047,
    0.01838994270539678,
    0.018563972968441034,
    0.019654576915420958,
    0.018744948278149435,
    0.018687029190643595,
    0.01960814354408712,
    0.018586387862169935,
    0.01886003546966029,
    0.018613125798339365,
    0.01740042869073413,
    0.01883557685534511,
    0.01935902902161965,
    0.017924696468864403,
    0.01828217919799664,
    0.017525948691127526,
    0.01907255075324691,
    0.01833050399997845,
    0.01859148211355904,
    0.01810184527136161,
    0.016953564419730935
  ],
  "train_acc": [
    54.97172478793591,
    21.842601319509896,
    21.724787935909518,
    21.724787935909518,
    21.86616399622997,
    23.185673892554195,
    28.88784165881244,
    36.61639962299717,
    42.5306314797361,
    47.19604147031103,
    59.07163053722903,
    54.2177191328935,
    57.186616399623,
    63.80772855796418,
    57.72855796418473,
    67.7191328934967,
    68.52026390197926,
    64.98586239396795,
    67.05937794533459,
    67.27144203581527,
    71.253534401508,
    68.68520263901979,
    67.5306314797361,
    67.60131950989633,
    68.66163996229972,
    71.32422243166823,
    75.35344015080113,
    71.34778510838831,
    73.5626767200754,
    72.05466540999058,
    74.62299717247879,
    77.66258246936852,
    78.22808671065033,
    77.47408105560791,
    78.79359095193215,
    79.28840716305372,
    78.51083883129124,
    78.60508953817154,
    80.01885014137606,
    80.4665409990575,
    82.30442978322337,
    82.2808671065033,
    80.89066918001885,
    83.55325164938738,
    81.78605089538172,
    83.95381715362865,
    84.30725730442978,
    84.82563619227145,
    84.54288407163054,
    85.65032987747408,
    86.56927426955703,
    86.75777568331762,
    85.17907634307257,
    86.05089538171536,
    86.16870876531574,
    86.99340245051837,
    86.9698397737983,
    86.92271442035815,
    87.91234684260132
  ],
  "val_loss": [
    0.06592233036032044,
    0.028329963085094566,
    0.026280193581458246,
    0.0236058296521374,
    0.019789811909983034,
    0.01857613415351105,
    0.016243000625093516,
    0.018363372046957937,
    0.017813051598383475,
    0.02143276366098833,
    0.022914637460193614,
    0.01866574452632401,
    0.02058890676753914,
    0.01416073921861601,
    0.017758813383376326,
    0.015639655643067192,
    0.027665813546168226,
    0.021768071911330417,
    0.02743304707671581,
    0.020011879322210963,
    0.021596611889228307,
    0.02388954452282888,
    0.03157992319705827,
    0.01934504714434999,
    0.02114923409744893,
    0.03340176939800905,
    0.016941099893301725,
    0.03251206700977555,
    0.02774770081432826,
    0.023036277430436344,
    0.042801434408989224,
    0.022940108192798153,
    0.028890488043926826,
    0.04207669159337744,
    0.02663416155222589,
    0.03180075356054626,
    0.044445583118590946,
    0.02292762798529829,
    0.02423929715114993,
    0.028814075232539357,
    0.030725092838270428,
    0.029151130109328318,
    0.0518119711544211,
    0.05551452604346483,
    0.041920314832487635,
    0.04058159990984821,
    0.031576933028605834,
    0.04322361792919924,
    0.04350726561200677,
    0.04692185363301816,
    0.033286527708616884,
    0.03277023116659525,
    0.030808020877757053,
    0.028204296799677855,
    0.04325787067902734,
    0.03614671389863233,
    0.03705191596562049,
    0.019717928920790814,
    0.03947860514804154
  ],
  "val_acc": [
    21.75824175824176,
    21.75824175824176,
    21.75824175824176,
    21.75824175824176,
    21.75824175824176,
    23.076923076923077,
    33.18681318681319,
    48.79120879120879,
    54.395604395604394,
    81.20879120879121,
    80.43956043956044,
    78.35164835164835,
    79.78021978021978,
    62.30769230769231,
    80.43956043956044,
    76.26373626373626,
    86.04395604395604,
    84.61538461538461,
    87.8021978021978,
    81.97802197802197,
    85.16483516483517,
    88.02197802197803,
    91.31868131868131,
    82.08791208791209,
    85.71428571428571,
    90.10989010989012,
    78.68131868131869,
    88.79120879120879,
    90.65934065934066,
    86.15384615384616,
    90.43956043956044,
    86.37362637362638,
    88.57142857142857,
    91.86813186813187,
    88.13186813186813,
    90.21978021978022,
    91.20879120879121,
    86.92307692307692,
    87.8021978021978,
    89.01098901098901,
    90.21978021978022,
    90.0,
    91.86813186813187,
    91.42857142857143,
    91.0989010989011,
    91.20879120879121,
    90.87912087912088,
    91.86813186813187,
    90.43956043956044,
    91.0989010989011,
    89.23076923076923,
    90.0,
    88.13186813186813,
    87.8021978021978,
    89.89010989010988,
    90.43956043956044,
    90.21978021978022,
    83.95604395604396,
    89.89010989010988
  ],
  "val_balanced_acc": [
    50.0,
    50.0,
    50.0,
    50.0,
    50.0,
    50.84269662921348,
    57.30337078651685,
    67.09298036545228,
    70.49214050618545,
    85.07476449892181,
    84.58319146521393,
    84.34272500283737,
    84.34414368403131,
    75.54832028146635,
    85.85929519918284,
    83.73765747361253,
    86.7062478719782,
    86.52252865736013,
    87.64754284417205,
    85.93093859947793,
    87.238253319714,
    88.33489388264668,
    89.16553172171149,
    86.36576438542731,
    87.95397798206788,
    88.57536034502327,
    84.918000226989,
    87.36806264896153,
    89.47338554080126,
    87.50567472477584,
    86.41612756781296,
    87.82842469640222,
    88.13911587787993,
    87.69364998297581,
    88.40511860174782,
    88.82788559754852,
    86.90770060152082,
    88.17954829190784,
    88.92364657814096,
    88.9669163545568,
    89.01018613097264,
    89.05203722619453,
    86.78214731585518,
    85.40744523890591,
    87.93127908296448,
    88.18380433548974,
    89.24923391215526,
    88.42285211667233,
    87.69223130178186,
    87.93127908296448,
    88.56046419248666,
    88.8697366927704,
    87.85821700147542,
    89.10594711156509,
    86.06500397230734,
    88.6037339689025,
    87.91638293042787,
    87.37728407672228,
    87.88800930654862
  ],