{
  "accuracy": 0.8467153284671532,
  "balanced_accuracy": 0.848931623931624,
  "confusion_matrix": [
    [
      58,
      7
    ],
    [
      14,
      58
    ]
  ],
  "classification_report": {
    "CN": {
      "precision": 0.8055555555555556,
      "recall": 0.8923076923076924,
      "f1-score": 0.8467153284671532,
      "support": 65.0
    },
    "AD_trajectory": {
      "precision": 0.8923076923076924,
      "recall": 0.8055555555555556,
      "f1-score": 0.8467153284671532,
      "support": 72.0
    },
    "accuracy": 0.8467153284671532,
    "macro avg": {
      "precision": 0.848931623931624,
      "recall": 0.848931623931624,
      "f1-score": 0.8467153284671532,
      "support": 137.0
    },
    "weighted avg": {
      "precision": 0.8511479193960946,
      "recall": 0.8467153284671532,
      "f1-score": 0.8467153284671532,
      "support": 137.0
    }
  },
  "auc_roc": 0.9282051282051282
}