{
  "traj_accuracy": 84.87496564990383,
  "traj_accuracy_std": 0.40417205409948576,
  "traj_balanced_accuracy": 84.39287963439152,
  "traj_balanced_accuracy_std": 0.3226324251946799,
  "traj_sensitivity": 83.53852210316089,
  "traj_sensitivity_std": 0.2268084538540105,
  "traj_specificity": 85.24723716562217,
  "traj_specificity_std": 0.47377287282645686,
  "traj_auc": 0.9253612647029629,
  "traj_auc_std": 0.0011558055450007672,
  "cn_ad_accuracy": 85.16272082974915,
  "cn_ad_accuracy_std": 0.3903868677696268,
  "cn_ad_balanced_accuracy": 84.2549378153489,
  "cn_ad_balanced_accuracy_std": 0.07813225806634168,
  "cn_ad_sensitivity": 82.89044982698938,
  "cn_ad_sensitivity_std": 0.5312877088766598,
  "cn_ad_specificity": 85.61942580370844,
  "cn_ad_specificity_std": 0.5628777737149165,
  "cn_ad_auc": 0.9241626035031015,
  "cn_ad_auc_std": 0.001196261861192357,
  "per_seed_results": [
    {
      "seed": 42,
      "traj_accuracy_mean": 84.30338004946414,
      "traj_accuracy_std": 0.7512472052692208,
      "traj_balanced_accuracy_mean": 83.94394858200484,
      "traj_balanced_accuracy_std": 1.5298642571422143,
      "traj_sensitivity_mean": 83.30798479087453,
      "traj_sensitivity_std": 5.18824248257396,
      "traj_specificity_mean": 84.57991237313516,
      "traj_specificity_std": 2.2711096563495135,
      "traj_auc_mean": 0.9264250292935285,
      "traj_auc_std": 0.015083385034809334,
      "fold_results": null,
      "cn_ad_accuracy_mean": 84.61200971319276,
      "cn_ad_accuracy_std": 1.3441233293417962,
      "cn_ad_balanced_accuracy_mean": 84.20252516704754,
      "cn_ad_balanced_accuracy_std": 1.7844489538322792,
      "cn_ad_sensitivity_mean": 83.57243982996333,
      "cn_ad_sensitivity_std": 5.178218147593259,
      "cn_ad_specificity_mean": 84.83261050413176,
      "cn_ad_specificity_std": 2.348989988476809,
      "cn_ad_auc_mean": 0.9258543732391171,
      "cn_ad_auc_std": 0.017539086870007842
    },
    {
      "seed": 123,
      "traj_accuracy_mean": 85.16075845012367,
      "traj_accuracy_std": 1.064724437986014,
      "traj_balanced_accuracy_mean": 84.68793698258102,
      "traj_balanced_accuracy_std": 0.9093824393009191,
      "traj_sensitivity_mean": 83.84692936974307,
      "traj_sensitivity_std": 4.2357609648206624,
      "traj_specificity_mean": 85.528944595419,
      "traj_specificity_std": 2.5040791959149784,
      "traj_auc_mean": 0.9259041537129704,
      "traj_auc_std": 0.01196506405243025,
      "fold_results": null,
      "cn_ad_accuracy_mean": 85.40430051843975,
      "cn_ad_accuracy_std": 1.61456613187359,
      "cn_ad_balanced_accuracy_mean": 84.36538581771973,
      "cn_ad_balanced_accuracy_std": 1.2974514641664974,
      "cn_ad_sensitivity_mean": 82.82252472733674,
      "cn_ad_sensitivity_std": 4.699866986734386,
      "cn_ad_specificity_mean": 85.90824690810271,
      "cn_ad_specificity_std": 2.7427723353847693,
      "cn_ad_auc_mean": 0.9233165424496492,
      "cn_ad_auc_std": 0.01653272935594218
    },
    {
      "seed": 456,
      "traj_accuracy_mean": 85.16075845012367,
      "traj_accuracy_std": 1.493966204791335,
      "traj_balanced_accuracy_mean": 84.54675333858872,
      "traj_balanced_accuracy_std": 1.6162903311010988,
      "traj_sensitivity_mean": 83.46065214886508,
      "traj_sensitivity_std": 3.25944180218538,
      "traj_specificity_mean": 85.63285452831235,
      "traj_specificity_std": 1.9939122497340047,
      "traj_auc_mean": 0.9237546111023895,
      "traj_auc_std": 0.010313901821281196,
      "fold_results": null,
      "cn_ad_accuracy_mean": 85.47185225761488,
      "cn_ad_accuracy_std": 1.4886773641899784,
      "cn_ad_balanced_accuracy_mean": 84.19690246127944,
      "cn_ad_balanced_accuracy_std": 1.6408492148693912,
      "cn_ad_sensitivity_mean": 82.27638492366808,
      "cn_ad_sensitivity_std": 2.7330892626741456,
      "cn_ad_specificity_mean": 86.1174199988908,
      "cn_ad_specificity_std": 1.6773881681460463,
      "cn_ad_auc_mean": 0.9233168948205381,
      "cn_ad_auc_std": 0.010741779292104582
    }
  ]
}