{
  "traj_accuracy": 83.27562517175049,
  "traj_accuracy_std": 0.6977558973728762,
  "traj_balanced_accuracy": 73.51275919504296,
  "traj_balanced_accuracy_std": 0.8804858825743589,
  "traj_sensitivity": 56.24505511387641,
  "traj_sensitivity_std": 1.3552079453484682,
  "traj_specificity": 90.7804632762095,
  "traj_specificity_std": 0.6497167723173654,
  "traj_auc": 0.8255302370350481,
  "traj_auc_std": 0.010877637810277547,
  "cn_ad_accuracy": 84.31849023405374,
  "cn_ad_accuracy_std": 0.661718646341295,
  "cn_ad_balanced_accuracy": 71.57239554709331,
  "cn_ad_balanced_accuracy_std": 0.7341860954603369,
  "cn_ad_sensitivity": 52.36432781797712,
  "cn_ad_sensitivity_std": 0.961280644855325,
  "cn_ad_specificity": 90.7804632762095,
  "cn_ad_specificity_std": 0.6497167723173654,
  "cn_ad_auc": 0.8041695434330588,
  "cn_ad_auc_std": 0.012315818371550978,
  "per_seed_results": [
    {
      "seed": 42,
      "traj_accuracy_mean": 82.52267106347898,
      "traj_accuracy_std": 1.8566447828866257,
      "traj_balanced_accuracy_mean": 72.90971087617925,
      "traj_balanced_accuracy_std": 3.4330625787651043,
      "traj_sensitivity_mean": 55.91024311556631,
      "traj_sensitivity_std": 8.956062587468294,
      "traj_specificity_mean": 89.90917863679219,
      "traj_specificity_std": 3.464170024076437,
      "traj_auc_mean": 0.812194207567744,
      "traj_auc_std": 0.028916749273713876,
      "fold_results": null,
      "cn_ad_accuracy_mean": 83.48921368025165,
      "cn_ad_accuracy_std": 2.013260372152807,
      "cn_ad_balanced_accuracy_mean": 70.88314879007555,
      "cn_ad_balanced_accuracy_std": 3.1338806181454557,
      "cn_ad_sensitivity_mean": 51.85711894335891,
      "cn_ad_sensitivity_std": 8.451385873386307,
      "cn_ad_specificity_mean": 89.90917863679219,
      "cn_ad_specificity_std": 3.464170024076437,
      "cn_ad_auc_mean": 0.7885937983097072,
      "cn_ad_auc_std": 0.0293632743009535
    },
    {
      "seed": 123,
      "traj_accuracy_mean": 84.20445177246498,
      "traj_accuracy_std": 1.5922706882780349,
      "traj_balanced_accuracy_mean": 74.75775175773792,
      "traj_balanced_accuracy_std": 2.7851863277520637,
      "traj_sensitivity_mean": 58.04672197257749,
      "traj_sensitivity_std": 6.045725478973313,
      "traj_specificity_mean": 91.46878154289834,
      "traj_specificity_std": 1.9902874429961452,
      "traj_auc_mean": 0.8388388274239251,
      "traj_auc_std": 0.017670234897804275,
      "fold_results": null,
      "cn_ad_accuracy_mean": 85.10867164876885,
      "cn_ad_accuracy_std": 1.6391760370507655,
      "cn_ad_balanced_accuracy_mean": 72.58951280297678,
      "cn_ad_balanced_accuracy_std": 2.639431534593518,
      "cn_ad_sensitivity_mean": 53.71024406305524,
      "cn_ad_sensitivity_std": 5.726689741971061,
      "cn_ad_specificity_mean": 91.46878154289834,
      "cn_ad_specificity_std": 1.9902874429961452,
      "cn_ad_auc_mean": 0.818707689776652,
      "cn_ad_auc_std": 0.015768803371994676
    },
    {
      "seed": 456,
      "traj_accuracy_mean": 83.0997526793075,
      "traj_accuracy_std": 1.780403625614915,
      "traj_balanced_accuracy_mean": 72.87081495121167,
      "traj_balanced_accuracy_std": 3.3310279297477554,
      "traj_sensitivity_mean": 54.77820025348543,
      "traj_sensitivity_std": 10.54150917962579,
      "traj_specificity_mean": 90.96342964893795,
      "traj_specificity_std": 4.5830035204352235,
      "traj_auc_mean": 0.8255576761134755,
      "traj_auc_std": 0.01616693202573752,
      "fold_results": null,
      "cn_ad_accuracy_mean": 84.35758537314072,
      "cn_ad_accuracy_std": 2.385876147163133,
      "cn_ad_balanced_accuracy_mean": 71.24452504822759,
      "cn_ad_balanced_accuracy_std": 3.473032825099711,
      "cn_ad_sensitivity_mean": 51.52562044751723,
      "cn_ad_sensitivity_std": 10.739301325047641,
      "cn_ad_specificity_mean": 90.96342964893795,
      "cn_ad_specificity_std": 4.5830035204352235,
      "cn_ad_auc_mean": 0.8052071422128169,
      "cn_ad_auc_std": 0.01824774920289038
    }
  ]
}